firstName,surname,dateOfBirth,issueCount,avatarUrl
Timothy,Carter,1953-05-10,8,https://picsum.photos/seed/timothy_carter_0/120/120
Dorothy,Hayes,1977-03-21,2,https://picsum.photos/seed/dorothy_hayes_1/120/120
Carol,Mills,1981-12-08,8,https://picsum.photos/seed/carol_mills_2/120/120
Karen,Gray,1995-05-07,0,https://picsum.photos/seed/karen_gray_3/120/120
Betty,Ross,1996-09-29,15,https://picsum.photos/seed/betty_ross_4/120/120
Andrew,Evans,1958-06-05,17,https://picsum.photos/seed/andrew_evans_5/120/120
Andrew,Brown,2003-09-06,1,https://picsum.photos/seed/andrew_brown_6/120/120
Alexander,Gomez,1987-03-02,18,https://picsum.photos/seed/alexander_gomez_7/120/120
Jessica,Taylor,1990-07-01,20,https://picsum.photos/seed/jessica_taylor_8/120/120
Susan,Patel,1972-08-24,15,https://picsum.photos/seed/susan_patel_9/120/120
Lisa,Edwards,1961-03-25,3,https://picsum.photos/seed/lisa_edwards_10/120/120
Mark,Jenkins,1986-02-18,15,https://picsum.photos/seed/mark_jenkins_11/120/120
Jacob,Jimenez,1961-06-29,9,https://picsum.photos/seed/jacob_jimenez_12/120/120
Kenneth,Brooks,1966-10-14,7,https://picsum.photos/seed/kenneth_brooks_13/120/120
Raymond,Moreno,1959-01-23,5,https://picsum.photos/seed/raymond_moreno_14/120/120
Laura,Ross,1962-04-03,4,https://picsum.photos/seed/laura_ross_15/120/120
Nancy,Sullivan,1967-09-13,14,https://picsum.photos/seed/nancy_sullivan_16/120/120
Carol,Hall,1955-11-08,6,https://picsum.photos/seed/carol_hall_17/120/120
Michelle,Hughes,1997-06-27,9,https://picsum.photos/seed/michelle_hughes_18/120/120
Betty,Green,1968-02-05,4,https://picsum.photos/seed/betty_green_19/120/120
Charles,Ramirez,1966-09-04,5,https://picsum.photos/seed/charles_ramirez_20/120/120
Anthony,Scott,1993-12-31,18,https://picsum.photos/seed/anthony_scott_21/120/120
Betty,Jones,1963-04-13,8,https://picsum.photos/seed/betty_jones_22/120/120
Nicholas,Diaz,1982-05-14,6,https://picsum.photos/seed/nicholas_diaz_23/120/120
Jack,Allen,1956-02-19,5,https://picsum.photos/seed/jack_allen_24/120/120
Frank,Bennett,1985-09-24,14,https://picsum.photos/seed/frank_bennett_25/120/120
Kimberly,Scott,1969-09-22,7,https://picsum.photos/seed/kimberly_scott_26/120/120
Ruth,Peters,1969-07-22,2,https://picsum.photos/seed/ruth_peters_27/120/120
Betty,Howard,1945-11-29,16,https://picsum.photos/seed/betty_howard_28/120/120
Raymond,Graham,2001-09-10,11,https://picsum.photos/seed/raymond_graham_29/120/120
Laura,West,1989-01-11,8,https://picsum.photos/seed/laura_west_30/120/120
Joseph,Castillo,2006-07-11,14,https://picsum.photos/seed/joseph_castillo_31/120/120
Betty,Castro,1975-02-08,5,https://picsum.photos/seed/betty_castro_32/120/120
Joseph,Johnson,1952-07-22,9,https://picsum.photos/seed/joseph_johnson_33/120/120
Kimberly,Burke,1959-12-20,10,https://picsum.photos/seed/kimberly_burke_34/120/120
Matthew,Meyer,1998-12-16,19,https://picsum.photos/seed/matthew_meyer_35/120/120
Charles,Warren,1958-01-25,16,https://picsum.photos/seed/charles_warren_36/120/120
James,Myers,1993-09-17,10,https://picsum.photos/seed/james_myers_37/120/120
Timothy,Butler,1979-10-24,0,https://picsum.photos/seed/timothy_butler_38/120/120
Sandra,West,1971-05-22,1,https://picsum.photos/seed/sandra_west_39/120/120
Eric,King,1983-07-13,20,https://picsum.photos/seed/eric_king_40/120/120
Nicholas,Rose,1949-09-06,13,https://picsum.photos/seed/nicholas_rose_41/120/120
Christopher,Alexander,1998-06-15,13,https://picsum.photos/seed/christopher_alexander_42/120/120
Joseph,Gordon,1964-05-15,2,https://picsum.photos/seed/joseph_gordon_43/120/120
Kevin,Hamilton,1996-11-02,12,https://picsum.photos/seed/kevin_hamilton_44/120/120
Betty,Sullivan,1977-10-18,12,https://picsum.photos/seed/betty_sullivan_45/120/120
Charles,Wright,1995-06-03,14,https://picsum.photos/seed/charles_wright_46/120/120
Betty,Ross,1946-12-28,6,https://picsum.photos/seed/betty_ross_47/120/120
Larry,Rivera,1960-01-11,9,https://picsum.photos/seed/larry_rivera_48/120/120
Gregory,Myers,1989-02-03,13,https://picsum.photos/seed/gregory_myers_49/120/120
Donna,Lee,1975-12-13,13,https://picsum.photos/seed/donna_lee_50/120/120
Nicholas,Garcia,1957-03-03,13,https://picsum.photos/seed/nicholas_garcia_51/120/120
Lisa,Cruz,1975-12-02,3,https://picsum.photos/seed/lisa_cruz_52/120/120
Jennifer,Ortiz,1964-09-19,3,https://picsum.photos/seed/jennifer_ortiz_53/120/120
Steven,Powell,1974-06-07,4,https://picsum.photos/seed/steven_powell_54/120/120
Donna,Martin,1952-10-18,7,https://picsum.photos/seed/donna_martin_55/120/120
Alexander,Flores,1996-06-28,9,https://picsum.photos/seed/alexander_flores_56/120/120
Sandra,Butler,1999-02-14,0,https://picsum.photos/seed/sandra_butler_57/120/120
Nancy,Lewis,2000-05-12,13,https://picsum.photos/seed/nancy_lewis_58/120/120
Mark,Perry,1980-03-24,20,https://picsum.photos/seed/mark_perry_59/120/120
Carol,Flores,1963-12-02,4,https://picsum.photos/seed/carol_flores_60/120/120
Karen,Reed,1966-11-20,0,https://picsum.photos/seed/karen_reed_61/120/120
Emily,Gonzalez,1995-06-03,15,https://picsum.photos/seed/emily_gonzalez_62/120/120
Frank,Griffin,1982-05-03,20,https://picsum.photos/seed/frank_griffin_63/120/120
Emily,Cruz,1972-02-26,20,https://picsum.photos/seed/emily_cruz_64/120/120
Donald,Butler,1993-01-07,1,https://picsum.photos/seed/donald_butler_65/120/120
Donna,Gray,1999-10-09,10,https://picsum.photos/seed/donna_gray_66/120/120
Michael,Foster,1976-06-19,13,https://picsum.photos/seed/michael_foster_67/120/120
Brandon,Sanchez,1965-08-17,8,https://picsum.photos/seed/brandon_sanchez_68/120/120
Helen,Cole,1973-12-08,1,https://picsum.photos/seed/helen_cole_69/120/120
Sandra,Martin,1971-01-23,1,https://picsum.photos/seed/sandra_martin_70/120/120
Ronald,Ramirez,1961-04-24,9,https://picsum.photos/seed/ronald_ramirez_71/120/120
Mary,Kelly,1970-02-13,4,https://picsum.photos/seed/mary_kelly_72/120/120
Richard,Garcia,1987-11-11,5,https://picsum.photos/seed/richard_garcia_73/120/120
Andrew,Bryant,1965-03-27,12,https://picsum.photos/seed/andrew_bryant_74/120/120
Jack,Griffin,1962-03-25,18,https://picsum.photos/seed/jack_griffin_75/120/120
Christopher,Diaz,1984-11-28,9,https://picsum.photos/seed/christopher_diaz_76/120/120
Gregory,Hayes,1984-07-11,5,https://picsum.photos/seed/gregory_hayes_77/120/120
Sandra,Kim,1994-03-27,0,https://picsum.photos/seed/sandra_kim_78/120/120
Raymond,Brown,1999-11-27,18,https://picsum.photos/seed/raymond_brown_79/120/120
Jennifer,Williams,2001-12-04,1,https://picsum.photos/seed/jennifer_williams_80/120/120
Mark,Washington,1983-10-22,7,https://picsum.photos/seed/mark_washington_81/120/120
Daniel,Ruiz,1984-11-26,6,https://picsum.photos/seed/daniel_ruiz_82/120/120
Helen,Moreno,1967-12-10,6,https://picsum.photos/seed/helen_moreno_83/120/120
Mark,Powell,2003-02-08,1,https://picsum.photos/seed/mark_powell_84/120/120
Dorothy,Griffin,1965-02-13,6,https://picsum.photos/seed/dorothy_griffin_85/120/120
Michael,Bennett,2006-01-19,6,https://picsum.photos/seed/michael_bennett_86/120/120
Alexander,Lee,1964-07-18,7,https://picsum.photos/seed/alexander_lee_87/120/120
Samuel,Young,1990-01-04,6,https://picsum.photos/seed/samuel_young_88/120/120
Lisa,Butler,1994-05-17,0,https://picsum.photos/seed/lisa_butler_89/120/120
Andrew,Wilson,1990-01-17,7,https://picsum.photos/seed/andrew_wilson_90/120/120
Michael,Harrison,1969-09-06,11,https://picsum.photos/seed/michael_harrison_91/120/120
Jeffrey,Washington,1989-12-20,0,https://picsum.photos/seed/jeffrey_washington_92/120/120
Robert,Patterson,2006-07-06,4,https://picsum.photos/seed/robert_patterson_93/120/120
Sandra,Tran,1989-05-06,11,https://picsum.photos/seed/sandra_tran_94/120/120
Carol,Scott,2001-09-28,13,https://picsum.photos/seed/carol_scott_95/120/120
Ruth,Adams,2001-02-10,6,https://picsum.photos/seed/ruth_adams_96/120/120
Robert,Patterson,2007-03-01,13,https://picsum.photos/seed/robert_patterson_97/120/120
Emily,Foster,1948-10-21,6,https://picsum.photos/seed/emily_foster_98/120/120
Robert,Long,1954-04-05,8,https://picsum.photos/seed/robert_long_99/120/120
Susan,Moreno,2001-09-26,8,https://picsum.photos/seed/susan_moreno_100/120/120
Kimberly,Green,1954-09-10,18,https://picsum.photos/seed/kimberly_green_101/120/120
Robert,Ramos,1948-10-30,18,https://picsum.photos/seed/robert_ramos_102/120/120
Jack,Collins,1965-08-15,15,https://picsum.photos/seed/jack_collins_103/120/120
Alexander,Ross,2001-09-29,20,https://picsum.photos/seed/alexander_ross_104/120/120
Frank,James,1994-11-16,11,https://picsum.photos/seed/frank_james_105/120/120
Kevin,Reed,1969-04-04,13,https://picsum.photos/seed/kevin_reed_106/120/120
Lisa,Peters,1998-12-08,1,https://picsum.photos/seed/lisa_peters_107/120/120
Nancy,Davis,1983-08-26,8,https://picsum.photos/seed/nancy_davis_108/120/120
Donna,Gonzales,1977-12-31,2,https://picsum.photos/seed/donna_gonzales_109/120/120
Barbara,Harris,1994-01-21,20,https://picsum.photos/seed/barbara_harris_110/120/120
Susan,Mills,1946-12-08,18,https://picsum.photos/seed/susan_mills_111/120/120
Carol,Jordan,1961-10-07,20,https://picsum.photos/seed/carol_jordan_112/120/120
Patricia,Powell,1961-01-29,16,https://picsum.photos/seed/patricia_powell_113/120/120
Jason,Flores,1952-05-10,11,https://picsum.photos/seed/jason_flores_114/120/120
Helen,Myers,1969-07-10,7,https://picsum.photos/seed/helen_myers_115/120/120
Benjamin,Allen,1981-12-23,20,https://picsum.photos/seed/benjamin_allen_116/120/120
Jonathan,Mendoza,1997-06-06,6,https://picsum.photos/seed/jonathan_mendoza_117/120/120
Jonathan,Marshall,1956-08-15,20,https://picsum.photos/seed/jonathan_marshall_118/120/120
Jonathan,Cole,1976-05-16,6,https://picsum.photos/seed/jonathan_cole_119/120/120
Steven,Sanders,2007-04-01,3,https://picsum.photos/seed/steven_sanders_120/120/120
Sandra,Garcia,1974-02-13,3,https://picsum.photos/seed/sandra_garcia_121/120/120
Helen,Hughes,1987-07-04,12,https://picsum.photos/seed/helen_hughes_122/120/120
John,Perez,1969-12-01,7,https://picsum.photos/seed/john_perez_123/120/120
Helen,Gibson,1975-02-27,7,https://picsum.photos/seed/helen_gibson_124/120/120
Jennifer,Cruz,1955-07-21,15,https://picsum.photos/seed/jennifer_cruz_125/120/120
Karen,Harris,2002-01-02,14,https://picsum.photos/seed/karen_harris_126/120/120
Kevin,Reynolds,1981-08-21,8,https://picsum.photos/seed/kevin_reynolds_127/120/120
Donna,Davis,1994-04-02,16,https://picsum.photos/seed/donna_davis_128/120/120
Eric,Green,1965-05-02,14,https://picsum.photos/seed/eric_green_129/120/120
Justin,Hall,1999-05-18,8,https://picsum.photos/seed/justin_hall_130/120/120
Lisa,Miller,2003-05-25,8,https://picsum.photos/seed/lisa_miller_131/120/120
Mark,Green,1975-08-20,11,https://picsum.photos/seed/mark_green_132/120/120
Barbara,Martinez,1954-02-18,14,https://picsum.photos/seed/barbara_martinez_133/120/120
Laura,Peters,1959-11-22,13,https://picsum.photos/seed/laura_peters_134/120/120
William,Miller,1976-02-16,4,https://picsum.photos/seed/william_miller_135/120/120
Betty,Reyes,1951-02-02,8,https://picsum.photos/seed/betty_reyes_136/120/120
Raymond,Butler,1980-01-10,4,https://picsum.photos/seed/raymond_butler_137/120/120
Ryan,Lopez,1986-02-18,20,https://picsum.photos/seed/ryan_lopez_138/120/120
Ryan,Cole,1984-05-06,6,https://picsum.photos/seed/ryan_cole_139/120/120
Timothy,Gray,1960-02-16,13,https://picsum.photos/seed/timothy_gray_140/120/120
Laura,Washington,1992-07-18,3,https://picsum.photos/seed/laura_washington_141/120/120
William,Flores,1966-03-23,13,https://picsum.photos/seed/william_flores_142/120/120
Helen,Nelson,2000-03-09,3,https://picsum.photos/seed/helen_nelson_143/120/120
Karen,Adams,1981-02-01,15,https://picsum.photos/seed/karen_adams_144/120/120
Alexander,Perry,1988-07-06,17,https://picsum.photos/seed/alexander_perry_145/120/120
Jack,Ruiz,1980-05-29,16,https://picsum.photos/seed/jack_ruiz_146/120/120
Kenneth,Hughes,1961-02-02,17,https://picsum.photos/seed/kenneth_hughes_147/120/120
Larry,Cole,1980-11-25,10,https://picsum.photos/seed/larry_cole_148/120/120
Mark,Hughes,1953-12-06,9,https://picsum.photos/seed/mark_hughes_149/120/120
Lisa,Murray,1963-04-28,6,https://picsum.photos/seed/lisa_murray_150/120/120
Richard,Washington,1952-10-28,11,https://picsum.photos/seed/richard_washington_151/120/120
Emily,Miller,1991-05-22,15,https://picsum.photos/seed/emily_miller_152/120/120
Anthony,Baker,2005-07-09,2,https://picsum.photos/seed/anthony_baker_153/120/120
Barbara,Russell,2001-02-21,10,https://picsum.photos/seed/barbara_russell_154/120/120
Emily,Chavez,1971-05-02,20,https://picsum.photos/seed/emily_chavez_155/120/120
Ruth,Jenkins,1948-11-29,19,https://picsum.photos/seed/ruth_jenkins_156/120/120
Anthony,Chavez,1989-01-08,19,https://picsum.photos/seed/anthony_chavez_157/120/120
Sarah,Gonzales,1992-09-19,18,https://picsum.photos/seed/sarah_gonzales_158/120/120
Lisa,Flores,1983-07-28,14,https://picsum.photos/seed/lisa_flores_159/120/120
Carol,Robinson,1991-05-02,3,https://picsum.photos/seed/carol_robinson_160/120/120
Donald,Jenkins,1998-11-02,7,https://picsum.photos/seed/donald_jenkins_161/120/120
Joshua,Perez,1981-10-16,17,https://picsum.photos/seed/joshua_perez_162/120/120
Jonathan,Coleman,1949-09-26,1,https://picsum.photos/seed/jonathan_coleman_163/120/120
Alexander,Baker,1999-06-11,12,https://picsum.photos/seed/alexander_baker_164/120/120
Donna,Gibson,1982-11-05,5,https://picsum.photos/seed/donna_gibson_165/120/120
Stephen,Myers,1987-12-31,7,https://picsum.photos/seed/stephen_myers_166/120/120
James,Scott,1964-11-05,6,https://picsum.photos/seed/james_scott_167/120/120
Anthony,West,1954-08-05,12,https://picsum.photos/seed/anthony_west_168/120/120
Carol,Parker,2006-07-14,20,https://picsum.photos/seed/carol_parker_169/120/120
Gregory,Jordan,1968-01-14,11,https://picsum.photos/seed/gregory_jordan_170/120/120
Betty,Romero,1971-09-24,20,https://picsum.photos/seed/betty_romero_171/120/120
Carol,Jenkins,1970-03-17,8,https://picsum.photos/seed/carol_jenkins_172/120/120
Joseph,Morgan,1996-12-15,7,https://picsum.photos/seed/joseph_morgan_173/120/120
Helen,Vasquez,1999-08-11,15,https://picsum.photos/seed/helen_vasquez_174/120/120
Sandra,Garcia,1981-03-10,1,https://picsum.photos/seed/sandra_garcia_175/120/120
Deborah,Jenkins,1953-08-14,9,https://picsum.photos/seed/deborah_jenkins_176/120/120
Thomas,Flores,1956-04-24,2,https://picsum.photos/seed/thomas_flores_177/120/120
Lisa,Patterson,1982-11-06,15,https://picsum.photos/seed/lisa_patterson_178/120/120
Ruth,Gray,1996-01-21,1,https://picsum.photos/seed/ruth_gray_179/120/120
Betty,Baker,1953-06-10,5,https://picsum.photos/seed/betty_baker_180/120/120
Ruth,Johnson,1960-04-03,4,https://picsum.photos/seed/ruth_johnson_181/120/120
Gregory,Aguilar,2000-02-17,5,https://picsum.photos/seed/gregory_aguilar_182/120/120
Jacob,Patel,1976-08-30,12,https://picsum.photos/seed/jacob_patel_183/120/120
Alexander,Gordon,1977-11-23,20,https://picsum.photos/seed/alexander_gordon_184/120/120
Emily,Long,1955-03-19,15,https://picsum.photos/seed/emily_long_185/120/120
David,Watson,1964-03-18,9,https://picsum.photos/seed/david_watson_186/120/120
Gregory,Simmons,1971-09-21,2,https://picsum.photos/seed/gregory_simmons_187/120/120
Deborah,King,1953-03-15,8,https://picsum.photos/seed/deborah_king_188/120/120
Matthew,Brown,1975-10-26,12,https://picsum.photos/seed/matthew_brown_189/120/120
Andrew,Russell,1948-02-11,6,https://picsum.photos/seed/andrew_russell_190/120/120
Stephen,Parker,1959-09-11,2,https://picsum.photos/seed/stephen_parker_191/120/120
Ruth,Sullivan,1968-04-01,6,https://picsum.photos/seed/ruth_sullivan_192/120/120
Brian,Mendoza,1966-12-23,10,https://picsum.photos/seed/brian_mendoza_193/120/120
Jason,Scott,1957-06-25,17,https://picsum.photos/seed/jason_scott_194/120/120
Charles,Flores,1985-03-03,15,https://picsum.photos/seed/charles_flores_195/120/120
Raymond,Burke,1981-08-14,18,https://picsum.photos/seed/raymond_burke_196/120/120
Charles,Carter,1981-01-25,8,https://picsum.photos/seed/charles_carter_197/120/120
Karen,Rogers,1950-02-26,12,https://picsum.photos/seed/karen_rogers_198/120/120
Donna,Richardson,1989-04-15,8,https://picsum.photos/seed/donna_richardson_199/120/120
Paul,Roberts,1952-06-22,3,https://picsum.photos/seed/paul_roberts_200/120/120
Nicholas,Howard,1987-04-10,14,https://picsum.photos/seed/nicholas_howard_201/120/120
Jennifer,Hernandez,1970-06-03,0,https://picsum.photos/seed/jennifer_hernandez_202/120/120
Helen,Moore,1971-04-03,6,https://picsum.photos/seed/helen_moore_203/120/120
Jack,Morales,1992-02-18,6,https://picsum.photos/seed/jack_morales_204/120/120
Patricia,Wood,1947-03-04,15,https://picsum.photos/seed/patricia_wood_205/120/120
Sandra,Hill,1957-06-12,11,https://picsum.photos/seed/sandra_hill_206/120/120
Helen,Murphy,1993-03-03,17,https://picsum.photos/seed/helen_murphy_207/120/120
Nancy,Griffin,1974-07-12,2,https://picsum.photos/seed/nancy_griffin_208/120/120
Donald,Robinson,1959-05-13,7,https://picsum.photos/seed/donald_robinson_209/120/120
Dorothy,Hughes,1960-12-08,9,https://picsum.photos/seed/dorothy_hughes_210/120/120
Linda,Howard,1994-04-28,20,https://picsum.photos/seed/linda_howard_211/120/120
Laura,Graham,1970-05-17,13,https://picsum.photos/seed/laura_graham_212/120/120
Ryan,Perez,1995-08-11,8,https://picsum.photos/seed/ryan_perez_213/120/120
Patricia,Perry,1987-01-15,6,https://picsum.photos/seed/patricia_perry_214/120/120
Laura,Ward,1988-10-07,18,https://picsum.photos/seed/laura_ward_215/120/120
Sandra,Moore,2003-06-05,9,https://picsum.photos/seed/sandra_moore_216/120/120
Lisa,Hughes,1951-04-24,15,https://picsum.photos/seed/lisa_hughes_217/120/120
Richard,Sanchez,1965-02-27,10,https://picsum.photos/seed/richard_sanchez_218/120/120
Sandra,Graham,1968-12-17,10,https://picsum.photos/seed/sandra_graham_219/120/120
Jonathan,Simmons,1992-10-31,7,https://picsum.photos/seed/jonathan_simmons_220/120/120
Betty,Reyes,2000-09-28,1,https://picsum.photos/seed/betty_reyes_221/120/120
Michael,Hayes,1981-11-02,17,https://picsum.photos/seed/michael_hayes_222/120/120
Helen,Hughes,1977-02-18,18,https://picsum.photos/seed/helen_hughes_223/120/120
Nancy,Sanchez,2003-07-22,12,https://picsum.photos/seed/nancy_sanchez_224/120/120
Stephen,Graham,1968-07-10,4,https://picsum.photos/seed/stephen_graham_225/120/120
Carol,Hall,1950-07-16,1,https://picsum.photos/seed/carol_hall_226/120/120
Joseph,James,1982-01-26,7,https://picsum.photos/seed/joseph_james_227/120/120
Raymond,Sanchez,2004-12-08,14,https://picsum.photos/seed/raymond_sanchez_228/120/120
Jacob,Powell,1956-01-27,6,https://picsum.photos/seed/jacob_powell_229/120/120
Benjamin,Hughes,2004-09-02,5,https://picsum.photos/seed/benjamin_hughes_230/120/120
Betty,Anderson,1951-10-18,11,https://picsum.photos/seed/betty_anderson_231/120/120
Matthew,Sanchez,1969-08-30,12,https://picsum.photos/seed/matthew_sanchez_232/120/120
Emily,Murphy,1979-10-02,17,https://picsum.photos/seed/emily_murphy_233/120/120
Alexander,Henderson,1993-11-09,0,https://picsum.photos/seed/alexander_henderson_234/120/120
Ruth,Lewis,1964-07-22,12,https://picsum.photos/seed/ruth_lewis_235/120/120
Carol,Fisher,1970-07-03,4,https://picsum.photos/seed/carol_fisher_236/120/120
Donna,Thomas,1945-09-25,2,https://picsum.photos/seed/donna_thomas_237/120/120
Scott,Ramirez,1998-10-05,14,https://picsum.photos/seed/scott_ramirez_238/120/120
Scott,Perry,2002-03-21,18,https://picsum.photos/seed/scott_perry_239/120/120
Richard,Smith,2003-03-22,20,https://picsum.photos/seed/richard_smith_240/120/120
Samuel,Jones,1974-03-01,11,https://picsum.photos/seed/samuel_jones_241/120/120
Brian,Lee,1999-03-02,11,https://picsum.photos/seed/brian_lee_242/120/120
Kimberly,Barnes,1948-04-09,11,https://picsum.photos/seed/kimberly_barnes_243/120/120
Ronald,Diaz,1987-10-02,6,https://picsum.photos/seed/ronald_diaz_244/120/120
Jonathan,Russell,1970-02-07,14,https://picsum.photos/seed/jonathan_russell_245/120/120
Gregory,Gray,1959-09-18,20,https://picsum.photos/seed/gregory_gray_246/120/120
Jeffrey,Hall,1963-05-23,1,https://picsum.photos/seed/jeffrey_hall_247/120/120
Laura,Scott,1951-05-21,7,https://picsum.photos/seed/laura_scott_248/120/120
Michael,White,1995-11-23,14,https://picsum.photos/seed/michael_white_249/120/120
Ruth,Sullivan,1959-12-04,9,https://picsum.photos/seed/ruth_sullivan_250/120/120
Kimberly,Evans,1979-05-08,9,https://picsum.photos/seed/kimberly_evans_251/120/120
Anthony,Coleman,1956-08-30,16,https://picsum.photos/seed/anthony_coleman_252/120/120
Deborah,Long,1954-02-28,1,https://picsum.photos/seed/deborah_long_253/120/120
Robert,West,1978-06-14,4,https://picsum.photos/seed/robert_west_254/120/120
Mary,Richardson,1967-02-09,8,https://picsum.photos/seed/mary_richardson_255/120/120
Donna,Coleman,1977-11-26,17,https://picsum.photos/seed/donna_coleman_256/120/120
Karen,Griffin,1947-09-03,2,https://picsum.photos/seed/karen_griffin_257/120/120
Sandra,Griffin,1961-07-26,1,https://picsum.photos/seed/sandra_griffin_258/120/120
Eric,Flores,1992-01-04,2,https://picsum.photos/seed/eric_flores_259/120/120
Deborah,Anderson,1956-04-10,14,https://picsum.photos/seed/deborah_anderson_260/120/120
Raymond,Henderson,1979-12-11,1,https://picsum.photos/seed/raymond_henderson_261/120/120
Jennifer,Bell,1977-05-02,19,https://picsum.photos/seed/jennifer_bell_262/120/120
Patricia,Mitchell,1955-08-13,12,https://picsum.photos/seed/patricia_mitchell_263/120/120
Timothy,Turner,1996-08-28,9,https://picsum.photos/seed/timothy_turner_264/120/120
Dorothy,Chavez,1951-09-11,9,https://picsum.photos/seed/dorothy_chavez_265/120/120
Kimberly,Simmons,1988-06-24,11,https://picsum.photos/seed/kimberly_simmons_266/120/120
John,Diaz,1969-08-06,9,https://picsum.photos/seed/john_diaz_267/120/120
Justin,Watson,1982-03-18,7,https://picsum.photos/seed/justin_watson_268/120/120
Richard,West,1981-12-23,4,https://picsum.photos/seed/richard_west_269/120/120
Donna,Taylor,1961-08-19,12,https://picsum.photos/seed/donna_taylor_270/120/120
Jack,Russell,1989-08-07,19,https://picsum.photos/seed/jack_russell_271/120/120
Alexander,Graham,1988-11-13,3,https://picsum.photos/seed/alexander_graham_272/120/120
Carol,Butler,1958-07-31,8,https://picsum.photos/seed/carol_butler_273/120/120
Matthew,Russell,1946-10-29,17,https://picsum.photos/seed/matthew_russell_274/120/120
Joshua,Patterson,1979-05-03,5,https://picsum.photos/seed/joshua_patterson_275/120/120
Helen,Phillips,1950-12-09,17,https://picsum.photos/seed/helen_phillips_276/120/120
Susan,Brooks,1971-06-16,5,https://picsum.photos/seed/susan_brooks_277/120/120
Sarah,Powell,1950-04-10,17,https://picsum.photos/seed/sarah_powell_278/120/120
Ruth,Wallace,2001-07-23,10,https://picsum.photos/seed/ruth_wallace_279/120/120
Lisa,Perry,1956-07-17,12,https://picsum.photos/seed/lisa_perry_280/120/120
Steven,Howard,1950-12-31,5,https://picsum.photos/seed/steven_howard_281/120/120
Thomas,Lee,1966-04-27,1,https://picsum.photos/seed/thomas_lee_282/120/120
Mary,Nguyen,2001-09-28,10,https://picsum.photos/seed/mary_nguyen_283/120/120
Barbara,Green,1982-09-30,18,https://picsum.photos/seed/barbara_green_284/120/120
Jeffrey,Rivera,1949-04-25,11,https://picsum.photos/seed/jeffrey_rivera_285/120/120
Stephen,Jenkins,1957-07-04,20,https://picsum.photos/seed/stephen_jenkins_286/120/120
Lisa,Griffin,1962-03-11,10,https://picsum.photos/seed/lisa_griffin_287/120/120
Eric,Patterson,1991-05-26,0,https://picsum.photos/seed/eric_patterson_288/120/120
Daniel,Torres,1990-08-26,1,https://picsum.photos/seed/daniel_torres_289/120/120
Emily,Castillo,1954-06-17,0,https://picsum.photos/seed/emily_castillo_290/120/120
Michael,Butler,1959-05-29,3,https://picsum.photos/seed/michael_butler_291/120/120
Emily,Gutierrez,1956-11-13,0,https://picsum.photos/seed/emily_gutierrez_292/120/120
Nancy,Jenkins,1987-04-06,14,https://picsum.photos/seed/nancy_jenkins_293/120/120
Sandra,Cooper,1962-01-30,1,https://picsum.photos/seed/sandra_cooper_294/120/120
Barbara,Watson,1975-12-01,15,https://picsum.photos/seed/barbara_watson_295/120/120
Jacob,Alexander,1949-06-15,4,https://picsum.photos/seed/jacob_alexander_296/120/120
Robert,Adams,1948-08-25,19,https://picsum.photos/seed/robert_adams_297/120/120
Sandra,Rivera,1974-07-30,1,https://picsum.photos/seed/sandra_rivera_298/120/120
Betty,Hill,1951-02-27,16,https://picsum.photos/seed/betty_hill_299/120/120
Linda,Gutierrez,1968-04-19,5,https://picsum.photos/seed/linda_gutierrez_300/120/120
Sandra,Washington,1961-12-23,20,https://picsum.photos/seed/sandra_washington_301/120/120
Donald,Powell,1982-06-13,5,https://picsum.photos/seed/donald_powell_302/120/120
Jessica,Russell,1965-06-28,0,https://picsum.photos/seed/jessica_russell_303/120/120
Sandra,Aguilar,1956-03-24,17,https://picsum.photos/seed/sandra_aguilar_304/120/120
Nancy,Alexander,1976-08-19,4,https://picsum.photos/seed/nancy_alexander_305/120/120
James,Herrera,1962-05-04,20,https://picsum.photos/seed/james_herrera_306/120/120
Jacob,Jenkins,1974-07-25,15,https://picsum.photos/seed/jacob_jenkins_307/120/120
Dorothy,Hughes,1974-02-04,10,https://picsum.photos/seed/dorothy_hughes_308/120/120
Michelle,Morgan,1957-12-18,20,https://picsum.photos/seed/michelle_morgan_309/120/120
Brandon,Hall,1995-01-08,11,https://picsum.photos/seed/brandon_hall_310/120/120
Scott,Flores,1951-08-25,0,https://picsum.photos/seed/scott_flores_311/120/120
Michelle,Butler,1955-11-15,15,https://picsum.photos/seed/michelle_butler_312/120/120
Michelle,Gonzales,1976-05-03,18,https://picsum.photos/seed/michelle_gonzales_313/120/120
Linda,Walker,1961-02-06,16,https://picsum.photos/seed/linda_walker_314/120/120
Samuel,Richards,1962-01-11,16,https://picsum.photos/seed/samuel_richards_315/120/120
Michelle,Kelly,1966-04-24,5,https://picsum.photos/seed/michelle_kelly_316/120/120
Nancy,Williams,1948-12-29,0,https://picsum.photos/seed/nancy_williams_317/120/120
Sandra,Campbell,1998-12-20,17,https://picsum.photos/seed/sandra_campbell_318/120/120
Ruth,Cole,1946-09-22,16,https://picsum.photos/seed/ruth_cole_319/120/120
Matthew,Nguyen,1969-03-31,11,https://picsum.photos/seed/matthew_nguyen_320/120/120
Helen,Flores,1949-02-16,0,https://picsum.photos/seed/helen_flores_321/120/120
Samuel,Meyer,1974-10-11,7,https://picsum.photos/seed/samuel_meyer_322/120/120
Andrew,Reed,1991-06-24,10,https://picsum.photos/seed/andrew_reed_323/120/120
Dorothy,Bryant,2000-10-20,3,https://picsum.photos/seed/dorothy_bryant_324/120/120
James,Patterson,2002-11-21,9,https://picsum.photos/seed/james_patterson_325/120/120
Laura,Flores,1946-02-08,7,https://picsum.photos/seed/laura_flores_326/120/120
Susan,Vasquez,1995-11-04,20,https://picsum.photos/seed/susan_vasquez_327/120/120
Jason,Ortiz,1955-10-09,18,https://picsum.photos/seed/jason_ortiz_328/120/120
Lisa,Myers,1952-12-11,14,https://picsum.photos/seed/lisa_myers_329/120/120
Edward,Bailey,2000-01-23,6,https://picsum.photos/seed/edward_bailey_330/120/120
Ryan,Morales,2001-05-13,3,https://picsum.photos/seed/ryan_morales_331/120/120
Justin,Baker,1955-04-09,17,https://picsum.photos/seed/justin_baker_332/120/120
Anthony,Warren,1985-01-13,7,https://picsum.photos/seed/anthony_warren_333/120/120
Betty,Roberts,1999-01-18,4,https://picsum.photos/seed/betty_roberts_334/120/120
Christopher,Myers,1965-12-03,13,https://picsum.photos/seed/christopher_myers_335/120/120
John,Ortiz,1999-10-01,14,https://picsum.photos/seed/john_ortiz_336/120/120
Joseph,Parker,1971-09-03,5,https://picsum.photos/seed/joseph_parker_337/120/120
Sandra,Bailey,1953-08-22,4,https://picsum.photos/seed/sandra_bailey_338/120/120
Michelle,Wallace,1978-03-29,20,https://picsum.photos/seed/michelle_wallace_339/120/120
James,Reed,1964-07-21,15,https://picsum.photos/seed/james_reed_340/120/120
Samuel,Richardson,1951-01-25,4,https://picsum.photos/seed/samuel_richardson_341/120/120
Brian,Robinson,1988-02-14,12,https://picsum.photos/seed/brian_robinson_342/120/120
Donna,Washington,1987-12-25,17,https://picsum.photos/seed/donna_washington_343/120/120
David,Patterson,2005-07-23,14,https://picsum.photos/seed/david_patterson_344/120/120
John,Myers,1969-05-25,1,https://picsum.photos/seed/john_myers_345/120/120
Charles,Diaz,1987-07-11,4,https://picsum.photos/seed/charles_diaz_346/120/120
Stephen,Richardson,1972-10-12,3,https://picsum.photos/seed/stephen_richardson_347/120/120
Andrew,Sullivan,1968-08-04,17,https://picsum.photos/seed/andrew_sullivan_348/120/120
Michelle,Reynolds,1996-08-16,11,https://picsum.photos/seed/michelle_reynolds_349/120/120
John,Wright,1999-05-31,10,https://picsum.photos/seed/john_wright_350/120/120
Frank,Gibson,1987-07-27,6,https://picsum.photos/seed/frank_gibson_351/120/120
Scott,West,1988-04-15,2,https://picsum.photos/seed/scott_west_352/120/120
Linda,Allen,1985-05-02,7,https://picsum.photos/seed/linda_allen_353/120/120
Richard,Wood,1997-06-12,6,https://picsum.photos/seed/richard_wood_354/120/120
Raymond,Gomez,1979-02-04,14,https://picsum.photos/seed/raymond_gomez_355/120/120
John,Jenkins,1973-04-29,1,https://picsum.photos/seed/john_jenkins_356/120/120
Benjamin,Collins,1953-07-27,3,https://picsum.photos/seed/benjamin_collins_357/120/120
Betty,Jackson,2004-08-16,14,https://picsum.photos/seed/betty_jackson_358/120/120
Betty,Gutierrez,1966-03-15,3,https://picsum.photos/seed/betty_gutierrez_359/120/120
Ronald,Foster,1995-04-16,3,https://picsum.photos/seed/ronald_foster_360/120/120
Samuel,Sullivan,1948-12-05,5,https://picsum.photos/seed/samuel_sullivan_361/120/120
Helen,Smith,1968-05-19,15,https://picsum.photos/seed/helen_smith_362/120/120
Deborah,Peterson,1985-11-07,15,https://picsum.photos/seed/deborah_peterson_363/120/120
Michelle,Flores,1960-04-10,4,https://picsum.photos/seed/michelle_flores_364/120/120
Deborah,Gutierrez,1985-10-24,18,https://picsum.photos/seed/deborah_gutierrez_365/120/120
Justin,Jenkins,1992-02-01,14,https://picsum.photos/seed/justin_jenkins_366/120/120
Nancy,Hughes,1969-08-07,9,https://picsum.photos/seed/nancy_hughes_367/120/120
Ronald,Clark,1991-11-03,16,https://picsum.photos/seed/ronald_clark_368/120/120
Sharon,Sullivan,2001-10-25,8,https://picsum.photos/seed/sharon_sullivan_369/120/120
Helen,Miller,1987-06-08,17,https://picsum.photos/seed/helen_miller_370/120/120
Karen,Thompson,1960-03-21,16,https://picsum.photos/seed/karen_thompson_371/120/120
Andrew,Hill,1977-08-23,5,https://picsum.photos/seed/andrew_hill_372/120/120
Kenneth,Hughes,1995-01-16,1,https://picsum.photos/seed/kenneth_hughes_373/120/120
Timothy,Murphy,1952-09-17,10,https://picsum.photos/seed/timothy_murphy_374/120/120
Ronald,Perry,1988-01-24,19,https://picsum.photos/seed/ronald_perry_375/120/120
Jacob,Perry,1978-09-12,18,https://picsum.photos/seed/jacob_perry_376/120/120
Laura,Harrison,1974-02-11,14,https://picsum.photos/seed/laura_harrison_377/120/120
Christopher,Peterson,1985-01-05,12,https://picsum.photos/seed/christopher_peterson_378/120/120
Patrick,Foster,1994-05-01,8,https://picsum.photos/seed/patrick_foster_379/120/120
Jacob,Thompson,1996-07-29,20,https://picsum.photos/seed/jacob_thompson_380/120/120
Donald,Medina,1992-04-19,6,https://picsum.photos/seed/donald_medina_381/120/120
Thomas,Patel,1975-08-05,11,https://picsum.photos/seed/thomas_patel_382/120/120
Laura,Young,1977-12-15,8,https://picsum.photos/seed/laura_young_383/120/120
James,Romero,1967-04-06,17,https://picsum.photos/seed/james_romero_384/120/120
Ruth,Bryant,1951-09-20,17,https://picsum.photos/seed/ruth_bryant_385/120/120
Stephen,Long,1970-05-29,14,https://picsum.photos/seed/stephen_long_386/120/120
Mark,Henderson,1975-04-17,9,https://picsum.photos/seed/mark_henderson_387/120/120
Scott,Rogers,1972-07-26,15,https://picsum.photos/seed/scott_rogers_388/120/120
Carol,Nelson,1978-07-29,5,https://picsum.photos/seed/carol_nelson_389/120/120
Daniel,Hamilton,1948-06-15,19,https://picsum.photos/seed/daniel_hamilton_390/120/120
Lisa,Howard,1991-03-15,0,https://picsum.photos/seed/lisa_howard_391/120/120
Nancy,Washington,1951-04-18,6,https://picsum.photos/seed/nancy_washington_392/120/120
Kimberly,Flores,1963-08-08,12,https://picsum.photos/seed/kimberly_flores_393/120/120
Emily,Castro,1977-07-12,14,https://picsum.photos/seed/emily_castro_394/120/120
Helen,Murray,1954-05-20,7,https://picsum.photos/seed/helen_murray_395/120/120
Thomas,Jones,2004-12-02,4,https://picsum.photos/seed/thomas_jones_396/120/120
Emily,Griffin,1957-03-20,15,https://picsum.photos/seed/emily_griffin_397/120/120
Jacob,Wood,1997-07-03,9,https://picsum.photos/seed/jacob_wood_398/120/120
Sharon,Flores,1995-10-16,20,https://picsum.photos/seed/sharon_flores_399/120/120
Scott,Green,1995-03-30,13,https://picsum.photos/seed/scott_green_400/120/120
Donald,Hughes,1964-08-03,16,https://picsum.photos/seed/donald_hughes_401/120/120
Gary,Hughes,1960-12-28,4,https://picsum.photos/seed/gary_hughes_402/120/120
Gary,Lee,1980-07-22,13,https://picsum.photos/seed/gary_lee_403/120/120
Ruth,Richardson,1962-08-06,16,https://picsum.photos/seed/ruth_richardson_404/120/120
Raymond,Bell,2004-11-09,1,https://picsum.photos/seed/raymond_bell_405/120/120
Barbara,James,1971-08-22,18,https://picsum.photos/seed/barbara_james_406/120/120
Donald,Wood,1963-08-22,1,https://picsum.photos/seed/donald_wood_407/120/120
Nancy,Ruiz,1948-05-05,4,https://picsum.photos/seed/nancy_ruiz_408/120/120
Ryan,Nguyen,1978-04-19,9,https://picsum.photos/seed/ryan_nguyen_409/120/120
Nancy,Ross,1999-05-24,19,https://picsum.photos/seed/nancy_ross_410/120/120
Sarah,Castillo,1954-06-09,19,https://picsum.photos/seed/sarah_castillo_411/120/120
Betty,Hughes,1960-10-30,14,https://picsum.photos/seed/betty_hughes_412/120/120
Sharon,Perez,1981-08-13,9,https://picsum.photos/seed/sharon_perez_413/120/120
Barbara,Washington,2001-09-28,2,https://picsum.photos/seed/barbara_washington_414/120/120
Raymond,Lopez,1953-10-18,11,https://picsum.photos/seed/raymond_lopez_415/120/120
Patrick,Foster,1953-08-10,13,https://picsum.photos/seed/patrick_foster_416/120/120
Ruth,Flores,1999-09-05,15,https://picsum.photos/seed/ruth_flores_417/120/120
Donald,Martinez,2001-12-26,10,https://picsum.photos/seed/donald_martinez_418/120/120
Nicholas,Chavez,1955-07-27,5,https://picsum.photos/seed/nicholas_chavez_419/120/120
Emily,Ellis,1984-05-20,8,https://picsum.photos/seed/emily_ellis_420/120/120
Eric,Stewart,1966-12-31,8,https://picsum.photos/seed/eric_stewart_421/120/120
Sharon,Moore,1985-01-18,5,https://picsum.photos/seed/sharon_moore_422/120/120
Karen,Butler,1974-07-12,18,https://picsum.photos/seed/karen_butler_423/120/120
Sandra,Gonzalez,1949-08-14,5,https://picsum.photos/seed/sandra_gonzalez_424/120/120
Betty,Parker,2005-08-01,20,https://picsum.photos/seed/betty_parker_425/120/120
Stephen,Willis,1957-02-26,14,https://picsum.photos/seed/stephen_willis_426/120/120
Jessica,Moreno,2005-08-19,8,https://picsum.photos/seed/jessica_moreno_427/120/120
Betty,Gray,1978-06-09,16,https://picsum.photos/seed/betty_gray_428/120/120
Sarah,Griffin,2005-03-06,1,https://picsum.photos/seed/sarah_griffin_429/120/120
Anthony,Harris,2000-02-02,16,https://picsum.photos/seed/anthony_harris_430/120/120
Timothy,Castro,1947-06-18,20,https://picsum.photos/seed/timothy_castro_431/120/120
Emily,Peters,1991-12-28,3,https://picsum.photos/seed/emily_peters_432/120/120
Eric,Long,1946-01-03,18,https://picsum.photos/seed/eric_long_433/120/120
Helen,Green,1983-09-22,16,https://picsum.photos/seed/helen_green_434/120/120
Andrew,Edwards,1954-07-28,6,https://picsum.photos/seed/andrew_edwards_435/120/120
Ryan,Tran,1998-03-31,18,https://picsum.photos/seed/ryan_tran_436/120/120
Kenneth,Reynolds,1947-06-30,4,https://picsum.photos/seed/kenneth_reynolds_437/120/120
Ryan,Miller,1998-09-14,13,https://picsum.photos/seed/ryan_miller_438/120/120
George,Lewis,1966-03-22,6,https://picsum.photos/seed/george_lewis_439/120/120
Jennifer,Ford,1952-07-21,0,https://picsum.photos/seed/jennifer_ford_440/120/120
Emily,Myers,1999-10-14,13,https://picsum.photos/seed/emily_myers_441/120/120
Matthew,Marshall,1996-08-03,18,https://picsum.photos/seed/matthew_marshall_442/120/120
Eric,Aguilar,1985-06-19,3,https://picsum.photos/seed/eric_aguilar_443/120/120
Samuel,Gomez,1952-11-05,15,https://picsum.photos/seed/samuel_gomez_444/120/120
Barbara,Ruiz,1974-03-14,5,https://picsum.photos/seed/barbara_ruiz_445/120/120
Deborah,Bryant,1976-12-09,17,https://picsum.photos/seed/deborah_bryant_446/120/120
Nancy,Aguilar,1954-01-30,4,https://picsum.photos/seed/nancy_aguilar_447/120/120
Dorothy,Lopez,1962-05-28,4,https://picsum.photos/seed/dorothy_lopez_448/120/120
Alexander,Sanchez,1953-11-20,5,https://picsum.photos/seed/alexander_sanchez_449/120/120
Mark,Hayes,2004-04-04,20,https://picsum.photos/seed/mark_hayes_450/120/120
Mark,Wallace,1999-03-30,10,https://picsum.photos/seed/mark_wallace_451/120/120
Christopher,Young,2001-04-01,1,https://picsum.photos/seed/christopher_young_452/120/120
Ruth,Wilson,1980-03-01,2,https://picsum.photos/seed/ruth_wilson_453/120/120
Samuel,Coleman,1968-10-15,19,https://picsum.photos/seed/samuel_coleman_454/120/120
Sarah,Campbell,1946-08-15,13,https://picsum.photos/seed/sarah_campbell_455/120/120
Kimberly,Myers,1992-02-17,7,https://picsum.photos/seed/kimberly_myers_456/120/120
Laura,Sanders,1975-07-24,16,https://picsum.photos/seed/laura_sanders_457/120/120
Laura,Campbell,1999-08-18,6,https://picsum.photos/seed/laura_campbell_458/120/120
Jason,Thomas,1952-12-12,19,https://picsum.photos/seed/jason_thomas_459/120/120
William,Washington,1976-12-28,17,https://picsum.photos/seed/william_washington_460/120/120
Nicholas,Diaz,1970-01-10,10,https://picsum.photos/seed/nicholas_diaz_461/120/120
Brandon,Hamilton,1973-11-06,10,https://picsum.photos/seed/brandon_hamilton_462/120/120
Justin,Gomez,1995-11-08,1,https://picsum.photos/seed/justin_gomez_463/120/120
Linda,Rogers,1970-09-17,9,https://picsum.photos/seed/linda_rogers_464/120/120
Nancy,Bennett,1965-07-26,16,https://picsum.photos/seed/nancy_bennett_465/120/120
Kevin,Rodriguez,1965-12-04,12,https://picsum.photos/seed/kevin_rodriguez_466/120/120
Stephen,Rivera,1983-10-16,19,https://picsum.photos/seed/stephen_rivera_467/120/120
Timothy,Patel,1946-04-16,11,https://picsum.photos/seed/timothy_patel_468/120/120
Paul,Ramirez,1991-04-20,11,https://picsum.photos/seed/paul_ramirez_469/120/120
John,Young,1958-03-21,7,https://picsum.photos/seed/john_young_470/120/120
Sharon,Graham,1969-10-14,15,https://picsum.photos/seed/sharon_graham_471/120/120
George,Morales,2003-06-18,17,https://picsum.photos/seed/george_morales_472/120/120
Karen,Carter,1956-08-18,20,https://picsum.photos/seed/karen_carter_473/120/120
Dorothy,Wilson,1959-04-20,13,https://picsum.photos/seed/dorothy_wilson_474/120/120
Brandon,Warren,2005-10-08,9,https://picsum.photos/seed/brandon_warren_475/120/120
David,Peterson,1948-05-15,5,https://picsum.photos/seed/david_peterson_476/120/120
Richard,Cole,1963-05-07,17,https://picsum.photos/seed/richard_cole_477/120/120
Donald,Howard,2003-10-23,4,https://picsum.photos/seed/donald_howard_478/120/120
Timothy,Alexander,1963-01-14,17,https://picsum.photos/seed/timothy_alexander_479/120/120
Karen,Ramirez,1973-03-31,9,https://picsum.photos/seed/karen_ramirez_480/120/120
Elizabeth,Martin,1950-11-28,17,https://picsum.photos/seed/elizabeth_martin_481/120/120
Kenneth,Morales,1974-06-02,2,https://picsum.photos/seed/kenneth_morales_482/120/120
Helen,Parker,1968-06-30,4,https://picsum.photos/seed/helen_parker_483/120/120
Anthony,James,2007-08-07,14,https://picsum.photos/seed/anthony_james_484/120/120
Nancy,Ross,1962-11-17,9,https://picsum.photos/seed/nancy_ross_485/120/120
Sandra,Johnson,1991-09-27,9,https://picsum.photos/seed/sandra_johnson_486/120/120
Raymond,Butler,1965-11-09,19,https://picsum.photos/seed/raymond_butler_487/120/120
Brandon,Flores,2006-07-23,10,https://picsum.photos/seed/brandon_flores_488/120/120
Karen,Alvarez,1966-12-23,6,https://picsum.photos/seed/karen_alvarez_489/120/120
William,Lewis,1991-07-18,15,https://picsum.photos/seed/william_lewis_490/120/120
Jack,Scott,1979-08-24,18,https://picsum.photos/seed/jack_scott_491/120/120
Betty,Edwards,1985-04-23,18,https://picsum.photos/seed/betty_edwards_492/120/120
Donna,White,2000-02-09,10,https://picsum.photos/seed/donna_white_493/120/120
Sharon,Bryant,1989-09-25,15,https://picsum.photos/seed/sharon_bryant_494/120/120
David,Morgan,1956-08-18,19,https://picsum.photos/seed/david_morgan_495/120/120
Nancy,Stewart,1981-07-04,10,https://picsum.photos/seed/nancy_stewart_496/120/120
Michelle,Coleman,1993-03-14,12,https://picsum.photos/seed/michelle_coleman_497/120/120
Donald,Moore,2001-03-02,6,https://picsum.photos/seed/donald_moore_498/120/120
Mark,Ford,1949-11-29,12,https://picsum.photos/seed/mark_ford_499/120/120
Kenneth,Barnes,1976-06-26,5,https://picsum.photos/seed/kenneth_barnes_500/120/120
Christopher,Kelly,1982-07-11,18,https://picsum.photos/seed/christopher_kelly_501/120/120
Edward,Lewis,1997-10-15,16,https://picsum.photos/seed/edward_lewis_502/120/120
Lisa,Cox,1950-05-05,10,https://picsum.photos/seed/lisa_cox_503/120/120
Carol,Foster,1966-05-19,19,https://picsum.photos/seed/carol_foster_504/120/120
Stephen,Cole,1969-08-11,7,https://picsum.photos/seed/stephen_cole_505/120/120
Susan,Kelly,1988-10-09,5,https://picsum.photos/seed/susan_kelly_506/120/120
Linda,Gibson,1989-11-11,8,https://picsum.photos/seed/linda_gibson_507/120/120
Daniel,Perry,1996-11-20,17,https://picsum.photos/seed/daniel_perry_508/120/120
Matthew,Hayes,1995-02-16,9,https://picsum.photos/seed/matthew_hayes_509/120/120
Patricia,Perry,1982-01-01,4,https://picsum.photos/seed/patricia_perry_510/120/120
Jack,Moreno,1984-06-25,1,https://picsum.photos/seed/jack_moreno_511/120/120
Elizabeth,Campbell,1946-08-09,7,https://picsum.photos/seed/elizabeth_campbell_512/120/120
Daniel,Washington,1950-07-02,19,https://picsum.photos/seed/daniel_washington_513/120/120
Kimberly,Butler,2001-12-29,18,https://picsum.photos/seed/kimberly_butler_514/120/120
Sharon,Alexander,1992-07-29,11,https://picsum.photos/seed/sharon_alexander_515/120/120
Karen,Gonzales,1990-02-11,4,https://picsum.photos/seed/karen_gonzales_516/120/120
Edward,Cole,1970-01-28,15,https://picsum.photos/seed/edward_cole_517/120/120
Raymond,Bell,2003-08-16,3,https://picsum.photos/seed/raymond_bell_518/120/120
Deborah,Walker,1973-08-28,11,https://picsum.photos/seed/deborah_walker_519/120/120
Susan,Butler,1965-06-17,2,https://picsum.photos/seed/susan_butler_520/120/120
Justin,Perry,1992-10-25,16,https://picsum.photos/seed/justin_perry_521/120/120
Nancy,Perez,1998-05-21,4,https://picsum.photos/seed/nancy_perez_522/120/120
Thomas,Castro,2004-08-23,8,https://picsum.photos/seed/thomas_castro_523/120/120
Samuel,Hill,1965-07-12,14,https://picsum.photos/seed/samuel_hill_524/120/120
Michelle,Butler,1975-09-05,20,https://picsum.photos/seed/michelle_butler_525/120/120
Laura,Coleman,1990-09-29,6,https://picsum.photos/seed/laura_coleman_526/120/120
Raymond,Moreno,1996-01-25,3,https://picsum.photos/seed/raymond_moreno_527/120/120
John,Chavez,2004-03-16,14,https://picsum.photos/seed/john_chavez_528/120/120
Thomas,Butler,1993-01-28,0,https://picsum.photos/seed/thomas_butler_529/120/120
Dorothy,Thompson,1966-02-23,16,https://picsum.photos/seed/dorothy_thompson_530/120/120
Larry,Vasquez,2006-04-20,13,https://picsum.photos/seed/larry_vasquez_531/120/120
Emily,Peters,1968-05-28,6,https://picsum.photos/seed/emily_peters_532/120/120
Joseph,Harris,1975-09-06,3,https://picsum.photos/seed/joseph_harris_533/120/120
Helen,Fisher,1947-09-17,12,https://picsum.photos/seed/helen_fisher_534/120/120
Alexander,Ford,1990-06-20,5,https://picsum.photos/seed/alexander_ford_535/120/120
Karen,Brooks,1969-12-14,12,https://picsum.photos/seed/karen_brooks_536/120/120
Gregory,Clark,1963-07-31,6,https://picsum.photos/seed/gregory_clark_537/120/120
Barbara,Watson,1998-09-08,18,https://picsum.photos/seed/barbara_watson_538/120/120
Brandon,Watson,1976-12-13,3,https://picsum.photos/seed/brandon_watson_539/120/120
Laura,Murphy,1984-03-09,13,https://picsum.photos/seed/laura_murphy_540/120/120
Lisa,Phillips,1998-05-21,1,https://picsum.photos/seed/lisa_phillips_541/120/120
Michael,Warren,1994-04-13,20,https://picsum.photos/seed/michael_warren_542/120/120
Steven,Simmons,1975-08-07,2,https://picsum.photos/seed/steven_simmons_543/120/120
Betty,Moore,1951-09-18,17,https://picsum.photos/seed/betty_moore_544/120/120
Sandra,Knight,1971-05-21,12,https://picsum.photos/seed/sandra_knight_545/120/120
Lisa,Perez,1972-01-25,17,https://picsum.photos/seed/lisa_perez_546/120/120
Edward,Flores,2000-11-03,11,https://picsum.photos/seed/edward_flores_547/120/120
George,Sanchez,1960-02-04,11,https://picsum.photos/seed/george_sanchez_548/120/120
William,Jimenez,1971-07-22,14,https://picsum.photos/seed/william_jimenez_549/120/120
Paul,Burke,1997-02-21,8,https://picsum.photos/seed/paul_burke_550/120/120
Helen,Richards,1996-04-13,3,https://picsum.photos/seed/helen_richards_551/120/120
Justin,Garcia,1961-07-05,6,https://picsum.photos/seed/justin_garcia_552/120/120
Laura,Stevens,1997-12-27,11,https://picsum.photos/seed/laura_stevens_553/120/120
Andrew,Patterson,1959-03-12,8,https://picsum.photos/seed/andrew_patterson_554/120/120
Steven,Sanders,1978-07-10,8,https://picsum.photos/seed/steven_sanders_555/120/120
Raymond,Romero,1957-01-17,9,https://picsum.photos/seed/raymond_romero_556/120/120
Jacob,Knight,1995-06-23,12,https://picsum.photos/seed/jacob_knight_557/120/120
Karen,Gray,1972-12-08,10,https://picsum.photos/seed/karen_gray_558/120/120
Donald,Simmons,1961-08-29,6,https://picsum.photos/seed/donald_simmons_559/120/120
Ryan,Wood,1992-06-19,14,https://picsum.photos/seed/ryan_wood_560/120/120
Raymond,Bennett,1949-06-29,3,https://picsum.photos/seed/raymond_bennett_561/120/120
Daniel,Perry,1989-03-02,16,https://picsum.photos/seed/daniel_perry_562/120/120
Paul,Campbell,1971-09-20,5,https://picsum.photos/seed/paul_campbell_563/120/120
Sandra,Ford,2002-04-26,19,https://picsum.photos/seed/sandra_ford_564/120/120
Lisa,Graham,1947-05-31,19,https://picsum.photos/seed/lisa_graham_565/120/120
Deborah,Gonzalez,2002-05-04,1,https://picsum.photos/seed/deborah_gonzalez_566/120/120
Laura,Flores,1991-01-16,8,https://picsum.photos/seed/laura_flores_567/120/120
Jessica,Garcia,2001-02-12,6,https://picsum.photos/seed/jessica_garcia_568/120/120
Stephen,Lee,1966-03-05,17,https://picsum.photos/seed/stephen_lee_569/120/120
Carol,Fisher,1990-06-27,3,https://picsum.photos/seed/carol_fisher_570/120/120
Brandon,Perez,1974-06-06,4,https://picsum.photos/seed/brandon_perez_571/120/120
William,King,1974-11-15,8,https://picsum.photos/seed/william_king_572/120/120
Betty,Allen,1999-10-05,0,https://picsum.photos/seed/betty_allen_573/120/120
Ryan,Flores,1990-02-15,1,https://picsum.photos/seed/ryan_flores_574/120/120
Joseph,Alexander,1959-10-20,19,https://picsum.photos/seed/joseph_alexander_575/120/120
Mark,Tran,1972-11-04,20,https://picsum.photos/seed/mark_tran_576/120/120
Karen,Gonzales,2001-11-08,0,https://picsum.photos/seed/karen_gonzales_577/120/120
Karen,Flores,1972-09-03,1,https://picsum.photos/seed/karen_flores_578/120/120
Edward,Romero,1952-01-13,15,https://picsum.photos/seed/edward_romero_579/120/120
Dorothy,Coleman,1966-02-13,12,https://picsum.photos/seed/dorothy_coleman_580/120/120
Emily,Hughes,1982-06-09,3,https://picsum.photos/seed/emily_hughes_581/120/120
Charles,Robinson,1973-08-15,3,https://picsum.photos/seed/charles_robinson_582/120/120
Larry,Bennett,2001-02-02,19,https://picsum.photos/seed/larry_bennett_583/120/120
Brandon,Barnes,1980-03-13,18,https://picsum.photos/seed/brandon_barnes_584/120/120
Karen,Perez,2007-01-04,12,https://picsum.photos/seed/karen_perez_585/120/120
Jason,Chavez,1949-05-10,4,https://picsum.photos/seed/jason_chavez_586/120/120
Brian,Campbell,1987-10-12,4,https://picsum.photos/seed/brian_campbell_587/120/120
Lisa,Jordan,1960-06-30,6,https://picsum.photos/seed/lisa_jordan_588/120/120
Sandra,Barnes,2004-06-07,20,https://picsum.photos/seed/sandra_barnes_589/120/120
Deborah,Walker,1968-11-18,15,https://picsum.photos/seed/deborah_walker_590/120/120
Jason,Carter,1962-06-29,2,https://picsum.photos/seed/jason_carter_591/120/120
Donna,Patel,1992-05-26,11,https://picsum.photos/seed/donna_patel_592/120/120
Carol,Wood,1957-12-19,20,https://picsum.photos/seed/carol_wood_593/120/120
Samuel,Knight,1976-12-02,20,https://picsum.photos/seed/samuel_knight_594/120/120
Edward,Jimenez,2007-06-20,9,https://picsum.photos/seed/edward_jimenez_595/120/120
Patrick,Long,1996-06-05,12,https://picsum.photos/seed/patrick_long_596/120/120
Anthony,Cole,1974-01-13,8,https://picsum.photos/seed/anthony_cole_597/120/120
Betty,Gonzales,1969-10-14,10,https://picsum.photos/seed/betty_gonzales_598/120/120
Timothy,Green,1968-12-29,4,https://picsum.photos/seed/timothy_green_599/120/120
Edward,Edwards,1965-11-11,13,https://picsum.photos/seed/edward_edwards_600/120/120
Frank,West,1996-09-24,1,https://picsum.photos/seed/frank_west_601/120/120
Anthony,Graham,1970-09-17,13,https://picsum.photos/seed/anthony_graham_602/120/120
Nancy,Ross,1963-05-16,10,https://picsum.photos/seed/nancy_ross_603/120/120
Benjamin,Wood,1966-09-28,4,https://picsum.photos/seed/benjamin_wood_604/120/120
Timothy,Ruiz,1946-06-09,20,https://picsum.photos/seed/timothy_ruiz_605/120/120
Emily,Peters,1958-10-24,10,https://picsum.photos/seed/emily_peters_606/120/120
Kimberly,Cole,1967-12-26,17,https://picsum.photos/seed/kimberly_cole_607/120/120
Laura,Bryant,1998-07-29,5,https://picsum.photos/seed/laura_bryant_608/120/120
Nicholas,Diaz,1949-05-29,14,https://picsum.photos/seed/nicholas_diaz_609/120/120
Anthony,Taylor,1954-01-14,20,https://picsum.photos/seed/anthony_taylor_610/120/120
Karen,Green,1955-07-14,7,https://picsum.photos/seed/karen_green_611/120/120
Laura,Bryant,1985-06-11,19,https://picsum.photos/seed/laura_bryant_612/120/120
Paul,Ruiz,1951-01-26,3,https://picsum.photos/seed/paul_ruiz_613/120/120
Ronald,Martinez,1948-04-24,6,https://picsum.photos/seed/ronald_martinez_614/120/120
Sharon,Fisher,1964-08-26,10,https://picsum.photos/seed/sharon_fisher_615/120/120
Jacob,Mills,1982-07-21,7,https://picsum.photos/seed/jacob_mills_616/120/120
Scott,Gonzalez,1953-02-14,6,https://picsum.photos/seed/scott_gonzalez_617/120/120
Jonathan,Burke,1956-03-29,12,https://picsum.photos/seed/jonathan_burke_618/120/120
Lisa,Stewart,1967-08-25,0,https://picsum.photos/seed/lisa_stewart_619/120/120
Karen,Butler,1949-12-23,18,https://picsum.photos/seed/karen_butler_620/120/120
Larry,Diaz,1961-02-02,20,https://picsum.photos/seed/larry_diaz_621/120/120
Deborah,Wood,1949-06-09,8,https://picsum.photos/seed/deborah_wood_622/120/120
Benjamin,James,1951-06-02,14,https://picsum.photos/seed/benjamin_james_623/120/120
Justin,Ford,1972-10-27,9,https://picsum.photos/seed/justin_ford_624/120/120
Betty,Kim,1988-01-08,9,https://picsum.photos/seed/betty_kim_625/120/120
Frank,Ross,1964-09-10,2,https://picsum.photos/seed/frank_ross_626/120/120
Daniel,Gibson,1959-06-27,4,https://picsum.photos/seed/daniel_gibson_627/120/120
Joshua,Lopez,1966-05-31,18,https://picsum.photos/seed/joshua_lopez_628/120/120
Charles,Patterson,1957-07-04,3,https://picsum.photos/seed/charles_patterson_629/120/120
Betty,Gutierrez,1981-09-04,8,https://picsum.photos/seed/betty_gutierrez_630/120/120
Elizabeth,Coleman,2005-05-11,3,https://picsum.photos/seed/elizabeth_coleman_631/120/120
Dorothy,Carter,1967-06-27,14,https://picsum.photos/seed/dorothy_carter_632/120/120
Sandra,Tran,1965-09-02,14,https://picsum.photos/seed/sandra_tran_633/120/120
Nancy,Hughes,1969-02-02,10,https://picsum.photos/seed/nancy_hughes_634/120/120
David,Meyer,1982-12-20,6,https://picsum.photos/seed/david_meyer_635/120/120
Jack,Cooper,1973-05-28,8,https://picsum.photos/seed/jack_cooper_636/120/120
Brandon,Thomas,1969-11-17,6,https://picsum.photos/seed/brandon_thomas_637/120/120
Kevin,Hughes,1961-12-15,16,https://picsum.photos/seed/kevin_hughes_638/120/120
Kimberly,Carter,1954-01-28,17,https://picsum.photos/seed/kimberly_carter_639/120/120
Betty,Allen,1959-01-06,18,https://picsum.photos/seed/betty_allen_640/120/120
Patricia,Baker,1952-01-30,13,https://picsum.photos/seed/patricia_baker_641/120/120
Carol,Diaz,2007-03-07,5,https://picsum.photos/seed/carol_diaz_642/120/120
Kimberly,Gordon,1957-01-17,14,https://picsum.photos/seed/kimberly_gordon_643/120/120
Joshua,Butler,1960-09-04,12,https://picsum.photos/seed/joshua_butler_644/120/120
Mark,Wood,1982-11-27,4,https://picsum.photos/seed/mark_wood_645/120/120
Betty,Jones,1980-10-17,3,https://picsum.photos/seed/betty_jones_646/120/120
Charles,Cruz,1963-02-08,16,https://picsum.photos/seed/charles_cruz_647/120/120
Alexander,Long,1968-05-30,19,https://picsum.photos/seed/alexander_long_648/120/120
Jacob,Hayes,2001-03-08,2,https://picsum.photos/seed/jacob_hayes_649/120/120
Anthony,Vasquez,1954-02-12,4,https://picsum.photos/seed/anthony_vasquez_650/120/120
Daniel,Perry,1976-05-20,19,https://picsum.photos/seed/daniel_perry_651/120/120
Helen,Brooks,1989-01-04,17,https://picsum.photos/seed/helen_brooks_652/120/120
Sandra,Hughes,2004-12-30,7,https://picsum.photos/seed/sandra_hughes_653/120/120
Donna,Lee,1951-09-04,8,https://picsum.photos/seed/donna_lee_654/120/120
David,Stevens,1990-07-21,9,https://picsum.photos/seed/david_stevens_655/120/120
Ruth,Cook,1991-10-19,17,https://picsum.photos/seed/ruth_cook_656/120/120
Sandra,Smith,2001-09-13,3,https://picsum.photos/seed/sandra_smith_657/120/120
Patrick,Jenkins,1966-01-27,15,https://picsum.photos/seed/patrick_jenkins_658/120/120
Donna,Green,1981-09-11,8,https://picsum.photos/seed/donna_green_659/120/120
Paul,Campbell,1979-11-29,3,https://picsum.photos/seed/paul_campbell_660/120/120
Gary,Patterson,1945-10-03,16,https://picsum.photos/seed/gary_patterson_661/120/120
Betty,Aguilar,1973-11-09,12,https://picsum.photos/seed/betty_aguilar_662/120/120
Stephen,Patterson,1969-06-17,7,https://picsum.photos/seed/stephen_patterson_663/120/120
George,Foster,1974-05-15,9,https://picsum.photos/seed/george_foster_664/120/120
John,Baker,1985-11-27,7,https://picsum.photos/seed/john_baker_665/120/120
Elizabeth,Alexander,1976-08-05,18,https://picsum.photos/seed/elizabeth_alexander_666/120/120
Karen,Adams,1955-10-06,15,https://picsum.photos/seed/karen_adams_667/120/120
Nancy,Russell,1977-07-23,5,https://picsum.photos/seed/nancy_russell_668/120/120
Karen,Robinson,2003-05-06,1,https://picsum.photos/seed/karen_robinson_669/120/120
Sandra,Howard,1962-07-14,0,https://picsum.photos/seed/sandra_howard_670/120/120
Raymond,Rogers,1949-08-03,7,https://picsum.photos/seed/raymond_rogers_671/120/120
Betty,Hamilton,1946-05-14,1,https://picsum.photos/seed/betty_hamilton_672/120/120
Justin,Lewis,1963-10-20,20,https://picsum.photos/seed/justin_lewis_673/120/120
Sandra,Diaz,1987-05-20,2,https://picsum.photos/seed/sandra_diaz_674/120/120
Charles,Scott,1992-09-15,7,https://picsum.photos/seed/charles_scott_675/120/120
Sandra,Medina,2004-08-18,12,https://picsum.photos/seed/sandra_medina_676/120/120
Barbara,Peters,1984-11-04,16,https://picsum.photos/seed/barbara_peters_677/120/120
Timothy,Cruz,1950-05-16,4,https://picsum.photos/seed/timothy_cruz_678/120/120
Kimberly,Graham,1982-08-04,12,https://picsum.photos/seed/kimberly_graham_679/120/120
Mark,Moore,1992-10-07,2,https://picsum.photos/seed/mark_moore_680/120/120
Ruth,Flores,1976-10-17,13,https://picsum.photos/seed/ruth_flores_681/120/120
Ronald,Rivera,1956-12-06,15,https://picsum.photos/seed/ronald_rivera_682/120/120
Jessica,Adams,1984-07-15,3,https://picsum.photos/seed/jessica_adams_683/120/120
Carol,Butler,1981-05-06,19,https://picsum.photos/seed/carol_butler_684/120/120
Helen,Cole,2003-04-09,17,https://picsum.photos/seed/helen_cole_685/120/120
Deborah,Parker,1993-08-10,16,https://picsum.photos/seed/deborah_parker_686/120/120
George,Bryant,1969-11-09,17,https://picsum.photos/seed/george_bryant_687/120/120
Raymond,Wood,1961-10-07,0,https://picsum.photos/seed/raymond_wood_688/120/120
James,West,1984-08-27,12,https://picsum.photos/seed/james_west_689/120/120
Emily,Long,1957-11-27,17,https://picsum.photos/seed/emily_long_690/120/120
Jacob,Jones,2004-10-17,8,https://picsum.photos/seed/jacob_jones_691/120/120
Barbara,Long,2006-09-03,4,https://picsum.photos/seed/barbara_long_692/120/120
Donna,Powell,1973-07-30,2,https://picsum.photos/seed/donna_powell_693/120/120
Ronald,Butler,1951-05-30,19,https://picsum.photos/seed/ronald_butler_694/120/120
Kenneth,Nelson,1999-01-08,10,https://picsum.photos/seed/kenneth_nelson_695/120/120
Helen,Richardson,1977-03-08,9,https://picsum.photos/seed/helen_richardson_696/120/120
Helen,Cole,1979-01-12,2,https://picsum.photos/seed/helen_cole_697/120/120
Karen,Jimenez,1954-04-28,3,https://picsum.photos/seed/karen_jimenez_698/120/120
Helen,Richardson,2003-05-21,0,https://picsum.photos/seed/helen_richardson_699/120/120
Sharon,Myers,1978-12-11,15,https://picsum.photos/seed/sharon_myers_700/120/120
Ryan,Cox,2002-07-20,4,https://picsum.photos/seed/ryan_cox_701/120/120
Justin,Alexander,1961-02-24,4,https://picsum.photos/seed/justin_alexander_702/120/120
Jacob,Coleman,1951-04-19,4,https://picsum.photos/seed/jacob_coleman_703/120/120
George,Herrera,1958-06-08,5,https://picsum.photos/seed/george_herrera_704/120/120
Sarah,Anderson,1979-05-29,9,https://picsum.photos/seed/sarah_anderson_705/120/120
Steven,Carter,1953-10-06,9,https://picsum.photos/seed/steven_carter_706/120/120
Ryan,Gordon,1994-02-12,14,https://picsum.photos/seed/ryan_gordon_707/120/120
Susan,Sanchez,1993-11-28,10,https://picsum.photos/seed/susan_sanchez_708/120/120
Jacob,Foster,1971-06-09,19,https://picsum.photos/seed/jacob_foster_709/120/120
Robert,Collins,1974-05-03,17,https://picsum.photos/seed/robert_collins_710/120/120
Dorothy,Warren,2004-09-13,9,https://picsum.photos/seed/dorothy_warren_711/120/120
Sandra,Flores,2001-05-18,0,https://picsum.photos/seed/sandra_flores_712/120/120
Lisa,Baker,1985-09-10,1,https://picsum.photos/seed/lisa_baker_713/120/120
Donna,Robinson,1972-03-14,18,https://picsum.photos/seed/donna_robinson_714/120/120
Karen,Alexander,1995-05-02,10,https://picsum.photos/seed/karen_alexander_715/120/120
Carol,Carter,1979-02-13,11,https://picsum.photos/seed/carol_carter_716/120/120
Justin,Knight,1947-09-01,16,https://picsum.photos/seed/justin_knight_717/120/120
Sharon,Gutierrez,2004-07-31,19,https://picsum.photos/seed/sharon_gutierrez_718/120/120
Samuel,Gonzales,1974-04-05,1,https://picsum.photos/seed/samuel_gonzales_719/120/120
Raymond,Price,1969-04-19,6,https://picsum.photos/seed/raymond_price_720/120/120
Laura,Brown,1996-01-08,14,https://picsum.photos/seed/laura_brown_721/120/120
Mary,Hughes,1978-11-08,20,https://picsum.photos/seed/mary_hughes_722/120/120
William,Hill,1976-04-03,15,https://picsum.photos/seed/william_hill_723/120/120
Timothy,Long,1955-03-14,19,https://picsum.photos/seed/timothy_long_724/120/120
Sandra,Sullivan,1995-05-30,10,https://picsum.photos/seed/sandra_sullivan_725/120/120
Mary,Simmons,1955-10-23,5,https://picsum.photos/seed/mary_simmons_726/120/120
Paul,Foster,1961-03-19,0,https://picsum.photos/seed/paul_foster_727/120/120
Lisa,Gibson,1954-01-08,14,https://picsum.photos/seed/lisa_gibson_728/120/120
Sharon,Cooper,1962-02-16,1,https://picsum.photos/seed/sharon_cooper_729/120/120
Patricia,Wilson,1972-06-05,2,https://picsum.photos/seed/patricia_wilson_730/120/120
Susan,Burke,1985-09-02,8,https://picsum.photos/seed/susan_burke_731/120/120
Dorothy,Flores,2000-08-25,14,https://picsum.photos/seed/dorothy_flores_732/120/120
Emily,Peterson,1995-07-08,1,https://picsum.photos/seed/emily_peterson_733/120/120
Jeffrey,Clark,1992-05-18,12,https://picsum.photos/seed/jeffrey_clark_734/120/120
Karen,Harrison,1983-01-06,5,https://picsum.photos/seed/karen_harrison_735/120/120
Gregory,Ward,1966-08-04,6,https://picsum.photos/seed/gregory_ward_736/120/120
Eric,Simmons,1969-11-27,19,https://picsum.photos/seed/eric_simmons_737/120/120
Ryan,Rogers,1963-06-13,1,https://picsum.photos/seed/ryan_rogers_738/120/120
Frank,Wright,1997-01-26,2,https://picsum.photos/seed/frank_wright_739/120/120
Barbara,Butler,1987-11-11,17,https://picsum.photos/seed/barbara_butler_740/120/120
Scott,Alvarez,1965-05-26,6,https://picsum.photos/seed/scott_alvarez_741/120/120
Charles,Robinson,1960-12-14,10,https://picsum.photos/seed/charles_robinson_742/120/120
Sharon,Bennett,1998-01-31,7,https://picsum.photos/seed/sharon_bennett_743/120/120
Frank,Douglas,1947-03-06,4,https://picsum.photos/seed/frank_douglas_744/120/120
John,Watson,1993-05-05,9,https://picsum.photos/seed/john_watson_745/120/120
Nancy,Ford,1996-09-26,1,https://picsum.photos/seed/nancy_ford_746/120/120
Donna,Evans,1956-09-29,0,https://picsum.photos/seed/donna_evans_747/120/120
Linda,Diaz,1952-09-15,13,https://picsum.photos/seed/linda_diaz_748/120/120
Nancy,Ramirez,1988-04-23,13,https://picsum.photos/seed/nancy_ramirez_749/120/120
Sharon,Jones,1958-10-18,5,https://picsum.photos/seed/sharon_jones_750/120/120
Betty,Sullivan,2000-11-22,18,https://picsum.photos/seed/betty_sullivan_751/120/120
Alexander,Warren,2000-03-23,12,https://picsum.photos/seed/alexander_warren_752/120/120
Jason,Harris,1995-01-28,15,https://picsum.photos/seed/jason_harris_753/120/120
Betty,Richards,1959-06-22,9,https://picsum.photos/seed/betty_richards_754/120/120
Kimberly,Miller,1955-01-03,0,https://picsum.photos/seed/kimberly_miller_755/120/120
Karen,Gutierrez,1973-04-11,1,https://picsum.photos/seed/karen_gutierrez_756/120/120
Nancy,Moore,1979-07-01,19,https://picsum.photos/seed/nancy_moore_757/120/120
Laura,Wallace,1999-02-28,14,https://picsum.photos/seed/laura_wallace_758/120/120
Helen,Myers,1946-02-12,20,https://picsum.photos/seed/helen_myers_759/120/120
Emily,Flores,2004-08-07,10,https://picsum.photos/seed/emily_flores_760/120/120
Daniel,Bell,1965-01-15,18,https://picsum.photos/seed/daniel_bell_761/120/120
Elizabeth,Wood,1984-02-12,3,https://picsum.photos/seed/elizabeth_wood_762/120/120
Emily,Cole,1998-02-20,15,https://picsum.photos/seed/emily_cole_763/120/120
Jonathan,Green,1998-08-03,0,https://picsum.photos/seed/jonathan_green_764/120/120
Nancy,Gibson,1952-12-20,15,https://picsum.photos/seed/nancy_gibson_765/120/120
Larry,Ramos,2001-01-12,10,https://picsum.photos/seed/larry_ramos_766/120/120
Deborah,Bell,1962-04-23,19,https://picsum.photos/seed/deborah_bell_767/120/120
Kenneth,Edwards,1992-10-31,3,https://picsum.photos/seed/kenneth_edwards_768/120/120
Jennifer,Hughes,1991-11-11,8,https://picsum.photos/seed/jennifer_hughes_769/120/120
Helen,Jackson,2001-07-30,11,https://picsum.photos/seed/helen_jackson_770/120/120
Kimberly,Kelly,1985-08-25,17,https://picsum.photos/seed/kimberly_kelly_771/120/120
Sandra,Russell,1969-02-17,5,https://picsum.photos/seed/sandra_russell_772/120/120
Karen,Fisher,2003-12-09,19,https://picsum.photos/seed/karen_fisher_773/120/120
George,Sanders,1979-06-01,1,https://picsum.photos/seed/george_sanders_774/120/120
Jennifer,Simmons,2004-04-16,11,https://picsum.photos/seed/jennifer_simmons_775/120/120
Frank,Aguilar,2005-03-12,5,https://picsum.photos/seed/frank_aguilar_776/120/120
Deborah,Ward,1946-01-06,5,https://picsum.photos/seed/deborah_ward_777/120/120
Robert,Flores,1946-05-05,17,https://picsum.photos/seed/robert_flores_778/120/120
Michelle,Hayes,1988-07-24,4,https://picsum.photos/seed/michelle_hayes_779/120/120
James,Ford,1987-05-24,15,https://picsum.photos/seed/james_ford_780/120/120
Benjamin,Anderson,1984-01-17,6,https://picsum.photos/seed/benjamin_anderson_781/120/120
Carol,Adams,1956-05-13,1,https://picsum.photos/seed/carol_adams_782/120/120
Dorothy,Sullivan,1964-08-14,2,https://picsum.photos/seed/dorothy_sullivan_783/120/120
Sharon,Campbell,1970-03-02,14,https://picsum.photos/seed/sharon_campbell_784/120/120
Deborah,Mitchell,1989-10-22,0,https://picsum.photos/seed/deborah_mitchell_785/120/120
Betty,Price,1967-09-14,11,https://picsum.photos/seed/betty_price_786/120/120
Elizabeth,Cooper,1951-04-13,16,https://picsum.photos/seed/elizabeth_cooper_787/120/120
Brandon,Medina,2007-02-11,3,https://picsum.photos/seed/brandon_medina_788/120/120
Jack,Miller,1962-10-05,16,https://picsum.photos/seed/jack_miller_789/120/120
Steven,Jenkins,1967-04-16,3,https://picsum.photos/seed/steven_jenkins_790/120/120
Dorothy,Miller,1994-04-26,8,https://picsum.photos/seed/dorothy_miller_791/120/120
Gregory,Ward,2005-06-26,8,https://picsum.photos/seed/gregory_ward_792/120/120
Dorothy,Edwards,1947-01-25,15,https://picsum.photos/seed/dorothy_edwards_793/120/120
Betty,Thompson,1985-01-02,12,https://picsum.photos/seed/betty_thompson_794/120/120
Justin,Lee,1952-07-30,13,https://picsum.photos/seed/justin_lee_795/120/120
Patricia,Martin,1993-04-19,12,https://picsum.photos/seed/patricia_martin_796/120/120
Sandra,Washington,1959-10-25,17,https://picsum.photos/seed/sandra_washington_797/120/120
Anthony,Sullivan,1996-10-06,6,https://picsum.photos/seed/anthony_sullivan_798/120/120
Michelle,Anderson,1959-01-31,6,https://picsum.photos/seed/michelle_anderson_799/120/120
Linda,Castro,1955-11-01,5,https://picsum.photos/seed/linda_castro_800/120/120
Jason,Murphy,1954-07-27,0,https://picsum.photos/seed/jason_murphy_801/120/120
Dorothy,Butler,1958-06-02,4,https://picsum.photos/seed/dorothy_butler_802/120/120
Richard,Griffin,1966-08-12,13,https://picsum.photos/seed/richard_griffin_803/120/120
Kevin,Parker,1969-11-15,17,https://picsum.photos/seed/kevin_parker_804/120/120
Nancy,Rivera,1951-07-18,19,https://picsum.photos/seed/nancy_rivera_805/120/120
Carol,Gonzales,1998-04-05,18,https://picsum.photos/seed/carol_gonzales_806/120/120
Frank,Reed,1952-03-31,5,https://picsum.photos/seed/frank_reed_807/120/120
Sandra,Medina,1985-10-07,19,https://picsum.photos/seed/sandra_medina_808/120/120
Lisa,Hill,2006-07-20,14,https://picsum.photos/seed/lisa_hill_809/120/120
Paul,Warren,1962-09-16,4,https://picsum.photos/seed/paul_warren_810/120/120
Donna,Evans,1967-09-14,2,https://picsum.photos/seed/donna_evans_811/120/120
Larry,Brown,2004-03-24,3,https://picsum.photos/seed/larry_brown_812/120/120
Richard,Harris,1953-09-06,5,https://picsum.photos/seed/richard_harris_813/120/120
Jacob,Sanders,1967-05-23,3,https://picsum.photos/seed/jacob_sanders_814/120/120
Deborah,Collins,1975-07-05,14,https://picsum.photos/seed/deborah_collins_815/120/120
Nicholas,Ford,1973-04-16,20,https://picsum.photos/seed/nicholas_ford_816/120/120
Laura,Torres,1955-04-23,7,https://picsum.photos/seed/laura_torres_817/120/120
Linda,Rogers,1970-10-01,4,https://picsum.photos/seed/linda_rogers_818/120/120
Benjamin,Bryant,1986-04-20,13,https://picsum.photos/seed/benjamin_bryant_819/120/120
Linda,Burke,1990-11-13,2,https://picsum.photos/seed/linda_burke_820/120/120
Jack,Long,1948-02-22,6,https://picsum.photos/seed/jack_long_821/120/120
Karen,Harris,2002-08-14,8,https://picsum.photos/seed/karen_harris_822/120/120
Carol,Taylor,1982-02-18,0,https://picsum.photos/seed/carol_taylor_823/120/120
Patrick,Murphy,1979-04-05,20,https://picsum.photos/seed/patrick_murphy_824/120/120
George,Walker,1977-11-03,10,https://picsum.photos/seed/george_walker_825/120/120
Jason,Hamilton,1990-03-12,12,https://picsum.photos/seed/jason_hamilton_826/120/120
Andrew,Davis,1955-11-20,2,https://picsum.photos/seed/andrew_davis_827/120/120
Sandra,Griffin,1998-11-18,8,https://picsum.photos/seed/sandra_griffin_828/120/120
William,Vasquez,1982-04-08,19,https://picsum.photos/seed/william_vasquez_829/120/120
Donald,Cox,1981-12-22,13,https://picsum.photos/seed/donald_cox_830/120/120
Jessica,Young,1985-08-05,12,https://picsum.photos/seed/jessica_young_831/120/120
Carol,Bailey,2007-06-27,18,https://picsum.photos/seed/carol_bailey_832/120/120
William,Reyes,1992-08-13,19,https://picsum.photos/seed/william_reyes_833/120/120
Karen,Rogers,2000-05-02,0,https://picsum.photos/seed/karen_rogers_834/120/120
Gary,Ross,1990-09-09,0,https://picsum.photos/seed/gary_ross_835/120/120
David,Hernandez,1991-03-16,17,https://picsum.photos/seed/david_hernandez_836/120/120
Helen,Harrison,1981-07-04,1,https://picsum.photos/seed/helen_harrison_837/120/120
Dorothy,Sullivan,2007-07-08,8,https://picsum.photos/seed/dorothy_sullivan_838/120/120
Donna,Williams,2007-08-20,14,https://picsum.photos/seed/donna_williams_839/120/120
Emily,Ramos,1990-06-15,10,https://picsum.photos/seed/emily_ramos_840/120/120
Sharon,Wright,1971-05-07,12,https://picsum.photos/seed/sharon_wright_841/120/120
Jeffrey,Hill,1951-03-10,10,https://picsum.photos/seed/jeffrey_hill_842/120/120
Brandon,Jackson,1972-07-25,10,https://picsum.photos/seed/brandon_jackson_843/120/120
Barbara,Gomez,1982-08-29,15,https://picsum.photos/seed/barbara_gomez_844/120/120
Carol,Morris,1969-04-13,3,https://picsum.photos/seed/carol_morris_845/120/120
William,Reyes,1969-01-26,16,https://picsum.photos/seed/william_reyes_846/120/120
Ruth,Gutierrez,2001-11-18,0,https://picsum.photos/seed/ruth_gutierrez_847/120/120
Charles,Cruz,1973-03-12,6,https://picsum.photos/seed/charles_cruz_848/120/120
Sharon,Harrison,1948-01-08,11,https://picsum.photos/seed/sharon_harrison_849/120/120
Richard,Rose,2000-04-29,4,https://picsum.photos/seed/richard_rose_850/120/120
Richard,Hughes,1962-07-16,16,https://picsum.photos/seed/richard_hughes_851/120/120
Sandra,Reyes,1972-09-22,4,https://picsum.photos/seed/sandra_reyes_852/120/120
Christopher,Willis,1962-07-05,20,https://picsum.photos/seed/christopher_willis_853/120/120
Gary,Russell,1951-05-06,15,https://picsum.photos/seed/gary_russell_854/120/120
Paul,Morris,1954-12-07,11,https://picsum.photos/seed/paul_morris_855/120/120
Donna,Coleman,1996-05-06,19,https://picsum.photos/seed/donna_coleman_856/120/120
Stephen,Hall,1986-10-24,4,https://picsum.photos/seed/stephen_hall_857/120/120
Anthony,Gonzales,1994-04-22,6,https://picsum.photos/seed/anthony_gonzales_858/120/120
Scott,Jackson,1976-12-01,19,https://picsum.photos/seed/scott_jackson_859/120/120
Linda,Long,1999-04-15,3,https://picsum.photos/seed/linda_long_860/120/120
Benjamin,Powell,1962-05-19,2,https://picsum.photos/seed/benjamin_powell_861/120/120
Mary,Wallace,2007-05-11,14,https://picsum.photos/seed/mary_wallace_862/120/120
Barbara,Wilson,1987-01-15,15,https://picsum.photos/seed/barbara_wilson_863/120/120
Ryan,Garcia,2004-11-28,20,https://picsum.photos/seed/ryan_garcia_864/120/120
Donna,Diaz,1961-06-27,3,https://picsum.photos/seed/donna_diaz_865/120/120
Jonathan,Herrera,1960-12-21,20,https://picsum.photos/seed/jonathan_herrera_866/120/120
Sarah,Cox,1952-06-14,20,https://picsum.photos/seed/sarah_cox_867/120/120
Lisa,Cole,1972-04-14,9,https://picsum.photos/seed/lisa_cole_868/120/120
Alexander,Aguilar,1978-12-20,0,https://picsum.photos/seed/alexander_aguilar_869/120/120
Christopher,Brown,1990-01-25,8,https://picsum.photos/seed/christopher_brown_870/120/120
Emily,Russell,1980-08-13,9,https://picsum.photos/seed/emily_russell_871/120/120
Betty,Wood,1946-11-02,13,https://picsum.photos/seed/betty_wood_872/120/120
Joseph,West,2003-08-20,14,https://picsum.photos/seed/joseph_west_873/120/120
Karen,Simmons,1991-02-26,4,https://picsum.photos/seed/karen_simmons_874/120/120
Richard,Gonzales,2000-06-28,1,https://picsum.photos/seed/richard_gonzales_875/120/120
Jack,Cruz,1959-05-23,16,https://picsum.photos/seed/jack_cruz_876/120/120
Lisa,Diaz,1958-02-23,18,https://picsum.photos/seed/lisa_diaz_877/120/120
Benjamin,Garcia,1991-01-09,11,https://picsum.photos/seed/benjamin_garcia_878/120/120
Helen,Ford,1991-04-05,4,https://picsum.photos/seed/helen_ford_879/120/120
Deborah,Gonzales,1946-03-26,4,https://picsum.photos/seed/deborah_gonzales_880/120/120
Mary,Mendoza,1961-06-17,2,https://picsum.photos/seed/mary_mendoza_881/120/120
Daniel,Reyes,1948-04-16,13,https://picsum.photos/seed/daniel_reyes_882/120/120
Jack,Cole,1946-05-21,7,https://picsum.photos/seed/jack_cole_883/120/120
Sandra,Ross,2006-07-25,12,https://picsum.photos/seed/sandra_ross_884/120/120
Lisa,Garcia,1953-02-04,8,https://picsum.photos/seed/lisa_garcia_885/120/120
Barbara,Graham,1947-03-31,14,https://picsum.photos/seed/barbara_graham_886/120/120
Karen,Patel,1953-08-03,6,https://picsum.photos/seed/karen_patel_887/120/120
Thomas,Foster,2000-06-18,10,https://picsum.photos/seed/thomas_foster_888/120/120
Donald,Howard,1969-09-11,14,https://picsum.photos/seed/donald_howard_889/120/120
Brian,Hughes,1994-09-17,13,https://picsum.photos/seed/brian_hughes_890/120/120
Kenneth,Adams,1948-02-05,15,https://picsum.photos/seed/kenneth_adams_891/120/120
Scott,Richardson,1984-06-01,11,https://picsum.photos/seed/scott_richardson_892/120/120
Raymond,Hill,1957-06-21,13,https://picsum.photos/seed/raymond_hill_893/120/120
Brandon,Butler,1965-03-24,10,https://picsum.photos/seed/brandon_butler_894/120/120
Nancy,White,1984-09-28,4,https://picsum.photos/seed/nancy_white_895/120/120
Jason,Cruz,1999-09-23,15,https://picsum.photos/seed/jason_cruz_896/120/120
John,Myers,1964-04-19,13,https://picsum.photos/seed/john_myers_897/120/120
Nancy,Bell,2003-12-05,9,https://picsum.photos/seed/nancy_bell_898/120/120
Laura,Myers,1995-05-29,16,https://picsum.photos/seed/laura_myers_899/120/120
Robert,Griffin,1973-04-10,17,https://picsum.photos/seed/robert_griffin_900/120/120
Lisa,Sullivan,2001-04-07,14,https://picsum.photos/seed/lisa_sullivan_901/120/120
Lisa,Patterson,1997-04-09,0,https://picsum.photos/seed/lisa_patterson_902/120/120
Christopher,Nguyen,1963-06-11,8,https://picsum.photos/seed/christopher_nguyen_903/120/120
Jonathan,Morris,1964-04-16,8,https://picsum.photos/seed/jonathan_morris_904/120/120
Christopher,Ward,1978-02-25,9,https://picsum.photos/seed/christopher_ward_905/120/120
Joshua,Rogers,1984-02-20,0,https://picsum.photos/seed/joshua_rogers_906/120/120
Timothy,Watson,1999-05-15,20,https://picsum.photos/seed/timothy_watson_907/120/120
Alexander,Gonzales,1949-09-13,12,https://picsum.photos/seed/alexander_gonzales_908/120/120
Sharon,Peters,1995-10-03,7,https://picsum.photos/seed/sharon_peters_909/120/120
Barbara,Myers,1962-01-21,7,https://picsum.photos/seed/barbara_myers_910/120/120
Betty,Lewis,1977-01-19,2,https://picsum.photos/seed/betty_lewis_911/120/120
Robert,Kim,2002-10-11,12,https://picsum.photos/seed/robert_kim_912/120/120
Edward,Vasquez,1970-07-04,7,https://picsum.photos/seed/edward_vasquez_913/120/120
Brian,Powell,1957-12-19,8,https://picsum.photos/seed/brian_powell_914/120/120
Donna,Hughes,1998-01-09,3,https://picsum.photos/seed/donna_hughes_915/120/120
Kimberly,Price,1985-09-25,6,https://picsum.photos/seed/kimberly_price_916/120/120
Charles,Mitchell,1972-05-01,16,https://picsum.photos/seed/charles_mitchell_917/120/120
Helen,Cole,1974-02-24,10,https://picsum.photos/seed/helen_cole_918/120/120
Patrick,Wallace,1950-01-03,0,https://picsum.photos/seed/patrick_wallace_919/120/120
Karen,Moore,1958-03-12,2,https://picsum.photos/seed/karen_moore_920/120/120
Robert,Kelly,1962-03-07,0,https://picsum.photos/seed/robert_kelly_921/120/120
Joseph,Sullivan,1961-06-26,0,https://picsum.photos/seed/joseph_sullivan_922/120/120
Steven,Evans,1999-09-15,9,https://picsum.photos/seed/steven_evans_923/120/120
George,Baker,2007-05-06,20,https://picsum.photos/seed/george_baker_924/120/120
Andrew,Patterson,1992-02-14,15,https://picsum.photos/seed/andrew_patterson_925/120/120
Richard,Brown,1964-09-09,12,https://picsum.photos/seed/richard_brown_926/120/120
Gregory,Diaz,2004-08-03,3,https://picsum.photos/seed/gregory_diaz_927/120/120
Emily,Ross,1994-01-22,10,https://picsum.photos/seed/emily_ross_928/120/120
Jack,Wood,1959-06-12,12,https://picsum.photos/seed/jack_wood_929/120/120
Jonathan,Brown,2000-02-13,16,https://picsum.photos/seed/jonathan_brown_930/120/120
Sarah,Coleman,1987-10-30,10,https://picsum.photos/seed/sarah_coleman_931/120/120
Patricia,Gonzales,1963-10-22,4,https://picsum.photos/seed/patricia_gonzales_932/120/120
Daniel,Tran,1976-09-19,0,https://picsum.photos/seed/daniel_tran_933/120/120
Jacob,Turner,1990-01-25,6,https://picsum.photos/seed/jacob_turner_934/120/120
Paul,Hayes,2001-11-07,15,https://picsum.photos/seed/paul_hayes_935/120/120
Sharon,Jimenez,1977-06-28,6,https://picsum.photos/seed/sharon_jimenez_936/120/120
Carol,Hayes,2001-02-11,15,https://picsum.photos/seed/carol_hayes_937/120/120
Patricia,Stevens,1955-09-26,4,https://picsum.photos/seed/patricia_stevens_938/120/120
Brian,Ross,1978-08-23,8,https://picsum.photos/seed/brian_ross_939/120/120
Paul,Warren,1948-10-23,10,https://picsum.photos/seed/paul_warren_940/120/120
Michael,Stewart,1948-11-02,4,https://picsum.photos/seed/michael_stewart_941/120/120
William,Graham,1955-03-07,2,https://picsum.photos/seed/william_graham_942/120/120
John,Myers,1955-05-04,10,https://picsum.photos/seed/john_myers_943/120/120
Sarah,Clark,1956-05-21,0,https://picsum.photos/seed/sarah_clark_944/120/120
Laura,Wright,2006-09-11,19,https://picsum.photos/seed/laura_wright_945/120/120
Deborah,Walker,1975-02-18,17,https://picsum.photos/seed/deborah_walker_946/120/120
Kimberly,Cole,1968-04-06,11,https://picsum.photos/seed/kimberly_cole_947/120/120
Sharon,Mendoza,1975-09-26,16,https://picsum.photos/seed/sharon_mendoza_948/120/120
Gary,Bryant,1961-09-16,13,https://picsum.photos/seed/gary_bryant_949/120/120
Emily,Edwards,1955-07-17,8,https://picsum.photos/seed/emily_edwards_950/120/120
Jason,Cook,1972-02-21,18,https://picsum.photos/seed/jason_cook_951/120/120
Ruth,White,1952-01-20,16,https://picsum.photos/seed/ruth_white_952/120/120
Anthony,Herrera,1955-05-08,8,https://picsum.photos/seed/anthony_herrera_953/120/120
Jeffrey,Coleman,1975-06-22,6,https://picsum.photos/seed/jeffrey_coleman_954/120/120
Linda,Hughes,1986-08-18,2,https://picsum.photos/seed/linda_hughes_955/120/120
Jacob,Lopez,1979-05-20,5,https://picsum.photos/seed/jacob_lopez_956/120/120
Jennifer,Morgan,1947-07-05,14,https://picsum.photos/seed/jennifer_morgan_957/120/120
Justin,Patterson,1998-11-08,12,https://picsum.photos/seed/justin_patterson_958/120/120
Lisa,Diaz,1957-05-04,18,https://picsum.photos/seed/lisa_diaz_959/120/120
Nicholas,Kim,1983-09-03,4,https://picsum.photos/seed/nicholas_kim_960/120/120
Barbara,Reynolds,1978-07-17,7,https://picsum.photos/seed/barbara_reynolds_961/120/120
Lisa,Morales,1995-08-19,15,https://picsum.photos/seed/lisa_morales_962/120/120
Deborah,Collins,1946-02-06,3,https://picsum.photos/seed/deborah_collins_963/120/120
Patrick,Rodriguez,1961-04-14,0,https://picsum.photos/seed/patrick_rodriguez_964/120/120
Matthew,Barnes,1979-09-17,6,https://picsum.photos/seed/matthew_barnes_965/120/120
Sandra,Kim,1985-08-08,19,https://picsum.photos/seed/sandra_kim_966/120/120
Michael,Diaz,2005-03-05,9,https://picsum.photos/seed/michael_diaz_967/120/120
George,Diaz,1975-04-23,2,https://picsum.photos/seed/george_diaz_968/120/120
Alexander,Butler,1998-05-07,18,https://picsum.photos/seed/alexander_butler_969/120/120
Mark,Russell,1973-01-30,15,https://picsum.photos/seed/mark_russell_970/120/120
Betty,Walker,1953-11-24,6,https://picsum.photos/seed/betty_walker_971/120/120
Andrew,Sanchez,2004-06-09,1,https://picsum.photos/seed/andrew_sanchez_972/120/120
John,Harris,1955-12-13,19,https://picsum.photos/seed/john_harris_973/120/120
Ronald,Vasquez,2007-06-04,0,https://picsum.photos/seed/ronald_vasquez_974/120/120
Donna,Mendoza,1953-08-19,16,https://picsum.photos/seed/donna_mendoza_975/120/120
Jessica,Romero,1988-11-23,9,https://picsum.photos/seed/jessica_romero_976/120/120
Lisa,Miller,1995-07-20,14,https://picsum.photos/seed/lisa_miller_977/120/120
Benjamin,Walker,1948-06-12,8,https://picsum.photos/seed/benjamin_walker_978/120/120
Kimberly,Sullivan,1998-08-26,5,https://picsum.photos/seed/kimberly_sullivan_979/120/120
Lisa,Butler,1995-05-16,6,https://picsum.photos/seed/lisa_butler_980/120/120
Jonathan,Peterson,1964-03-10,19,https://picsum.photos/seed/jonathan_peterson_981/120/120
Eric,Sullivan,1989-01-16,20,https://picsum.photos/seed/eric_sullivan_982/120/120
Betty,Price,1989-02-16,13,https://picsum.photos/seed/betty_price_983/120/120
Donald,Sanchez,1985-09-13,17,https://picsum.photos/seed/donald_sanchez_984/120/120
Larry,Martinez,2000-07-29,10,https://picsum.photos/seed/larry_martinez_985/120/120
Matthew,Lee,2005-03-15,9,https://picsum.photos/seed/matthew_lee_986/120/120
Patrick,Medina,1961-09-26,11,https://picsum.photos/seed/patrick_medina_987/120/120
Lisa,Lewis,1963-05-30,13,https://picsum.photos/seed/lisa_lewis_988/120/120
Nicholas,Ford,1957-11-22,1,https://picsum.photos/seed/nicholas_ford_989/120/120
James,Hamilton,1988-05-05,18,https://picsum.photos/seed/james_hamilton_990/120/120
Lisa,Richardson,1996-10-26,17,https://picsum.photos/seed/lisa_richardson_991/120/120
Raymond,Simmons,1951-08-22,9,https://picsum.photos/seed/raymond_simmons_992/120/120
Sharon,Price,1960-04-16,20,https://picsum.photos/seed/sharon_price_993/120/120
Gary,Sullivan,2000-07-16,3,https://picsum.photos/seed/gary_sullivan_994/120/120
Jacob,Herrera,1947-10-06,14,https://picsum.photos/seed/jacob_herrera_995/120/120
James,Gonzales,1988-06-12,14,https://picsum.photos/seed/james_gonzales_996/120/120
Stephen,Collins,1947-09-07,19,https://picsum.photos/seed/stephen_collins_997/120/120
Nicholas,Walker,1961-12-25,4,https://picsum.photos/seed/nicholas_walker_998/120/120
Charles,Murphy,1949-06-22,11,https://picsum.photos/seed/charles_murphy_999/120/120
